"pqrsds","asunto","categoria","fecha_entrada","fecha_maxima_respuesta","fecha_respuesta"
"PQRSDS 2020001","Hoja de vida","Hoja de Vida","2020-06-25T00:00:00.000","2020-07-03T00:00:00.000","2020-06-25T00:00:00.000"
"PQRSDS 2020002","Enviar el RUT del Aeropuerto Internacional Matecaña.","Otros","2020-06-25T00:00:00.000","2020-07-03T00:00:00.000","2020-06-25T00:00:00.000"
"PQRSDS 2020003","Solicitud certificado RTE IVA","Otros","2020-07-08T00:00:00.000","2020-07-17T00:00:00.000","2020-07-08T00:00:00.000"
"PQRSDS 2020004","Sugerencia","Otros","2020-07-09T00:00:00.000","2020-07-18T00:00:00.000","2020-07-09T00:00:00.000"
"PQRSDS 2020005","Hoja de vida","Hoja de Vida","2020-07-10T00:00:00.000","2020-07-19T00:00:00.000","2020-07-10T00:00:00.000"
"PQRSDS 2020006","Felicitación","Otros","2020-07-15T00:00:00.000","2020-07-25T00:00:00.000","2020-07-16T00:00:00.000"
"PQRSDS 2020007","Fecha de funcionamiento del aeropuerto","Otros","2020-07-19T00:00:00.000","2020-07-29T00:00:00.000","2020-07-29T00:00:00.000"
"PQRSDS 2020008","CARTA PROTOCOLO","Otros","2020-07-26T00:00:00.000","2020-08-03T00:00:00.000","2020-07-27T00:00:00.000"
"PQRSDS 2020009","RESPUESTA PQRSDS","Queja Aerolinea","2020-07-29T00:00:00.000","2020-07-29T00:00:00.000","2020-07-29T00:00:00.000"
"PQRSDS 2020010","Solicitud programa de locucion","Otros","2020-07-30T00:00:00.000","2020-08-10T00:00:00.000",
"PQRSDS 2020011","Sala VIP","Otros","2020-08-03T00:00:00.000","2020-08-13T00:00:00.000","2020-08-10T00:00:00.000"
"PQRSDS 2020012","Donde puedo entregar una hoja de vida en el aeropuerto Internacional matecaña gracias.","Hoja de Vida","2020-08-03T00:00:00.000","2020-08-13T00:00:00.000","2020-08-03T00:00:00.000"
"PQRSDS 2020013","Consulta sobre vuelos comerciales de Pereira a Medellín","Estados Vuelos","2020-08-03T00:00:00.000","2020-08-13T00:00:00.000","2020-08-03T00:00:00.000"
"PQRSDS 2020014","AVERIGUAR SOBRE UNA PERSONA","Otros","2020-08-05T00:00:00.000","2020-08-15T00:00:00.000","2020-08-05T00:00:00.000"
"PQRSDS 2020015","Buenas noches para saber que cuesta un vuelo de Villavicencio a Pereira?? GRACIAS","Tiquetes","2020-08-08T00:00:00.000","2020-08-18T00:00:00.000","2020-08-10T00:00:00.000"
"PQRSDS 2020016","Hoja de vida Juanita Ávila Londoño","Hoja de Vida","2020-08-10T00:00:00.000","2020-08-20T00:00:00.000","2020-08-10T00:00:00.000"
"PQRSDS 2020017","INFORMACION VUELOS","Estados Vuelos","2020-08-10T00:00:00.000","2020-08-20T00:00:00.000","2020-08-10T00:00:00.000"
"PQRSDS 2020018","Servicios aeroportuarios","Opam","2020-08-03T00:00:00.000","2020-08-13T00:00:00.000","2020-08-13T00:00:00.000"
"PQRSDS 2020019","Servicios aeroportuarios","Opam","2020-08-10T00:00:00.000",,"2020-08-11T00:00:00.000"
"PQRSDS 2020020","informe sobre vuelo internacional","Opam","2020-08-11T00:00:00.000","2020-08-21T00:00:00.000","2020-08-13T00:00:00.000"
"PQRSDS 2020021","Informacion finalistas logo AIM","Otros","2020-08-18T00:00:00.000","2020-08-28T00:00:00.000","2020-08-18T00:00:00.000"
"PQRSDS 2020022","Medidas de covid-19 para viajar","Prueba Covid Nacionales","2020-08-18T00:00:00.000","2020-08-28T00:00:00.000","2020-08-18T00:00:00.000"
"PQRSDS 2020023","Informacion para empleo","Hoja de Vida","2020-08-18T00:00:00.000","2020-08-28T00:00:00.000","2020-08-18T00:00:00.000"
"PQRSDS 2020024","Viajar con un menor de Edad","Otros","2020-08-18T00:00:00.000","2020-08-28T00:00:00.000","2020-08-18T00:00:00.000"
"PQRSDS 2020025","LATAM Solicita copia Licencia ambiental","Otros","2020-08-18T00:00:00.000","2020-08-28T00:00:00.000","2020-08-18T00:00:00.000"
"PQRSDS 2020026","Informacion locales comerciales","Opam","2020-08-18T00:00:00.000","2020-08-28T00:00:00.000","2020-08-18T00:00:00.000"
"PQRSDS 2020027","Hoja de vida Alejandro Gonzalez","Hoja de Vida","2020-08-19T00:00:00.000","2020-08-29T00:00:00.000","2020-08-19T00:00:00.000"
"PQRSDS 2020028","Consulta sobre recepción de Mascotas de vuelos internacionales","Mascotas","2020-08-21T00:00:00.000","2020-09-01T00:00:00.000","2020-08-21T00:00:00.000"
"PQRSDS 2020029","Part time job - Trabajo de medio tiempo","Hoja de Vida","2020-08-24T00:00:00.000","2020-09-04T00:00:00.000","2020-08-24T00:00:00.000"
"PQRSDS 2020030","AVERIGUAR SOBRE UNA PERSONA","Otros","2020-08-25T00:00:00.000","2020-09-05T00:00:00.000","2020-08-25T00:00:00.000"
"PQRSDS 2020031","Informacion apertura","Otros","2020-08-25T00:00:00.000","2020-09-05T00:00:00.000","2020-08-25T00:00:00.000"
"PQRSDS 2020032","hoja de vida","Hoja de Vida","2020-08-24T00:00:00.000","2020-09-04T00:00:00.000","2020-08-25T00:00:00.000"
"PQRSDS 2020033","Peticion sugerencia","Otros","2020-08-26T00:00:00.000","2020-09-06T00:00:00.000","2020-08-26T00:00:00.000"
"PQRSDS 2020034","hoja de vida","Hoja de Vida","2020-08-28T00:00:00.000","2020-09-06T00:00:00.000","2020-08-27T00:00:00.000"
"PQRSDS 2020035","Solicitud semanas cotizadas laborales","Otros","2020-08-27T00:00:00.000","2020-09-08T00:00:00.000","2020-09-17T00:00:00.000"
"PQRSDS 2020036","vuelos directos de Copa que proceden de Miami","Estados Vuelos","2020-08-27T00:00:00.000","2020-09-07T00:00:00.000","2020-08-28T00:00:00.000"
"PQRSDS 2020037","Para que un menor de 12 años viaje debe sacar algun permiso especial??","Otros","2020-08-28T00:00:00.000","2020-09-08T00:00:00.000","2020-08-28T00:00:00.000"
"PQRSDS 2020038","requisitos y protocolos","Ingreso a Colombia","2020-09-03T00:00:00.000","2020-09-13T00:00:00.000","2020-09-04T00:00:00.000"
"PQRSDS 2020039","vacantes empleos","Hoja de Vida","2020-09-03T00:00:00.000","2020-09-13T00:00:00.000","2020-09-04T00:00:00.000"
"PQRSDS 2020040","vacantes empleos","Hoja de Vida","2020-09-03T00:00:00.000","2020-09-13T00:00:00.000","2020-09-04T00:00:00.000"
"PQRSDS 2020041","prueba del Covid-19. ingreso Aeropuerto","Prueba Covid Internacionales","2020-09-03T00:00:00.000","2020-09-13T00:00:00.000","2020-09-04T00:00:00.000"
"PQRSDS 2020042","Servicios aviones de carga","Otros","2020-09-04T00:00:00.000","2020-09-14T00:00:00.000","2020-09-08T00:00:00.000"
"PQRSDS 2020043","viajar desde el aeropuerto Matecaña de Pereira hacia Estados Unidos.","Otros","2020-09-07T00:00:00.000","2020-09-17T00:00:00.000","2020-09-08T00:00:00.000"
"PQRSDS 2020044","documentos para hacer algún viaje nacional.","Migracion","2020-09-07T00:00:00.000","2020-09-17T00:00:00.000","2020-09-08T00:00:00.000"
"PQRSDS 2020045","informacion sobre los vuelos internacionales.","Migracion","2020-09-09T00:00:00.000","2020-09-19T00:00:00.000","2020-09-10T00:00:00.000"
"PQRSDS 2020046","prueba de sangre para COVID-19 para ingresar al Aeropuerto","Laboratorio","2020-09-10T00:00:00.000","2020-09-20T00:00:00.000","2020-09-11T00:00:00.000"
"PQRSDS 2020047","horarios de operación del aeródromo","Opam","2020-09-10T00:00:00.000","2020-09-20T00:00:00.000","2020-09-11T00:00:00.000"
"PQRSDS 2020048","vacantes empleos","Hoja de Vida","2020-08-30T00:00:00.000","2020-09-10T00:00:00.000","2020-09-11T00:00:00.000"
"PQRSDS 2020049","prueba de sangre para COVID-19 para ingresar al Aeropuerto","Laboratorio","2020-09-15T00:00:00.000","2020-09-25T00:00:00.000","2020-09-16T00:00:00.000"
"PQRSDS 2020050","vuelos a Pereira desde Panamá.","Estados Vuelos","2020-09-17T00:00:00.000","2020-09-27T00:00:00.000","2020-09-17T00:00:00.000"
"PQRSDS 2020051","prueba del Coronavirus para viajar","Prueba Covid Nacionales","2020-09-17T00:00:00.000","2020-09-27T00:00:00.000","2020-09-17T00:00:00.000"
"PQRSDS 2020052","hoja de vida","Hoja de Vida","2020-09-20T00:00:00.000","2020-10-02T00:00:00.000","2020-09-20T00:00:00.000"
"PQRSDS 2020053","vuelo de España a Bogotá","Estados Vuelos","2020-09-23T00:00:00.000","2020-10-03T00:00:00.000","2020-09-24T00:00:00.000"
"PQRSDS 2020054","viajar desde Chile hacia Pereira","Estados Vuelos","2020-09-28T00:00:00.000","2020-10-08T00:00:00.000","2020-09-29T00:00:00.000"
"PQRSDS 2020055","Documentos para ingresar mascota","Mascotas","2020-09-28T00:00:00.000","2020-10-08T00:00:00.000","2020-09-29T00:00:00.000"
"PQRSDS 2020056","procedimiento de ingreso para los
servicios de ambulancia","Opam","2020-09-25T00:00:00.000","2020-10-05T00:00:00.000","2020-09-25T00:00:00.000"
"PQRSDS 2020057","vuelos internacionales","Otros","2020-09-29T00:00:00.000","2020-10-09T00:00:00.000","2020-09-29T00:00:00.000"
"PQRSDS 2020058","vuelos internacionales","Otros","2020-09-29T00:00:00.000","2020-10-09T00:00:00.000","2020-09-29T00:00:00.000"
"PQRSDS 2020059","vuelos internacionales","Otros","2020-09-30T00:00:00.000","2020-10-10T00:00:00.000","2020-09-30T00:00:00.000"
"PQRSDS 2020060","Para viajar entre ciudades nacionales, es necesario realizarse la prueba de covid 19","Laboratorio","2020-09-02T00:00:00.000","2020-09-19T00:00:00.000","2020-09-30T00:00:00.000"
"PQRSDS 2020061","cual aerolíena va a operar el vuelo de Pereira a Cartagena","Opam","2020-09-02T00:00:00.000","2020-09-19T00:00:00.000","2020-09-30T00:00:00.000"
"PQRSDS 2020062","El espacio en los sanitarios es muy reducido.","Queja Aerolinea","2020-09-02T00:00:00.000","2020-09-19T00:00:00.000","2020-09-30T00:00:00.000"
"PQRSDS 2020063","vuelos internacionales","Otros","2020-10-02T00:00:00.000","2020-10-12T00:00:00.000","2020-10-02T00:00:00.000"
"PQRSDS 2020064","vuelos de Estados Unidos a Pereira.","Estados Vuelos","2020-10-02T00:00:00.000","2020-10-12T00:00:00.000","2020-10-02T00:00:00.000"
"PQRSDS 2020065","Ingreso Ciudadano chileno menor de edad","Otros","2020-10-06T00:00:00.000","2020-10-16T00:00:00.000","2020-10-07T00:00:00.000"
"PQRSDS 2020066","Vuelos hacia Bogota","Estados Vuelos","2020-10-07T00:00:00.000","2020-10-17T00:00:00.000","2020-10-07T00:00:00.000"
"PQRSDS 2020067","las tarifas del parqueadero","Parking","2020-09-24T00:00:00.000","2020-10-04T00:00:00.000","2020-10-07T00:00:00.000"
"PQRSDS 2020068","Vuelo Dron","Opam","2020-09-26T00:00:00.000","2020-10-06T00:00:00.000","2020-10-07T00:00:00.000"
"PQRSDS 2020069","sobre coronaApp - error","Otros","2020-10-08T00:00:00.000","2020-10-18T00:00:00.000","2020-10-09T00:00:00.000"
"PQRSDS 2020070","hoja de vida","Hoja de Vida","2020-10-08T00:00:00.000","2020-10-18T00:00:00.000","2020-10-09T00:00:00.000"
"PQRSDS 2020071","hoja de vida","Hoja de Vida","2020-10-11T00:00:00.000","2020-10-21T00:00:00.000","2020-10-13T00:00:00.000"
"PQRSDS 2020072","informacion prueba Covid 19 Internacional","Prueba Covid Internacionales","2020-10-14T00:00:00.000","2020-10-24T00:00:00.000","2020-10-15T00:00:00.000"
"PQRSDS 2020073","rentar local en el aéreo puerto Matecana,","Opam","2020-10-15T00:00:00.000","2020-10-25T00:00:00.000","2020-10-16T00:00:00.000"
"PQRSDS 2020074","informacion Parqueadero","Parking","2020-10-15T00:00:00.000","2020-10-25T00:00:00.000","2020-10-16T00:00:00.000"
"PQRSDS 2020075","ventanilla de COPA air","Opam","2020-10-20T00:00:00.000","2020-10-30T00:00:00.000","2020-10-21T00:00:00.000"
"PQRSDS 2020076","Vuelos desde pereira hasta Barcelona españa","Estados Vuelos","2020-10-20T00:00:00.000","2020-10-30T00:00:00.000","2020-10-21T00:00:00.000"
"PQRSDS 2020077","Compra tiquete","Tiquetes","2020-10-20T00:00:00.000","2020-10-30T00:00:00.000","2020-10-21T00:00:00.000"
"PQRSDS 2020078","empresas de aviación están viajando a Nuqui","Opam","2020-10-20T00:00:00.000","2020-10-30T00:00:00.000","2020-10-21T00:00:00.000"
"PQRSDS 2020079","hoja de vida","Hoja de Vida","2020-10-22T00:00:00.000","2020-11-02T00:00:00.000","2020-10-22T00:00:00.000"
"PQRSDS 2020080","informacion Parqueadero","Parking","2020-10-19T00:00:00.000","2020-10-29T00:00:00.000","2020-10-22T00:00:00.000"
"PQRSDS 2020081","informacion Vuelos VivaAir","Opam","2020-10-22T00:00:00.000","2020-11-02T00:00:00.000","2020-10-22T00:00:00.000"
"PQRSDS 2020082","vuelos  de Panamá saliendo desde Pereira.","Estados Vuelos","2020-10-22T00:00:00.000","2020-11-02T00:00:00.000","2020-10-22T00:00:00.000"
"PQRSDS 2020083","hoja de vida","Hoja de Vida","2020-10-24T00:00:00.000","2020-11-04T00:00:00.000","2020-10-26T00:00:00.000"
"PQRSDS 2020084","vuelos ibague tolima","Estados Vuelos","2020-10-24T00:00:00.000","2020-11-04T00:00:00.000","2020-10-26T00:00:00.000"
"PQRSDS 2020085","informacion prueba Covid 19 Internacional","Prueba Covid Internacionales","2020-10-26T00:00:00.000","2020-11-06T00:00:00.000","2020-10-26T00:00:00.000"
"PQRSDS 2020086","informacion Parqueadero","Parking","2020-10-19T00:00:00.000","2020-10-29T00:00:00.000","2020-10-22T00:00:00.000"
"PQRSDS 2020087","Vuelo ciudad de Panama","Estados Vuelos","2020-10-27T00:00:00.000","2020-11-07T00:00:00.000","2020-10-28T00:00:00.000"
"PQRSDS 2020088","informacion prueba Covid 19 Internacional","Prueba Covid Internacionales","2020-10-27T00:00:00.000","2020-11-07T00:00:00.000","2020-10-28T00:00:00.000"
"PQRSDS 2020089","PARQUEADEROS- TELEFONO","Parking","2020-10-26T00:00:00.000","2020-11-06T00:00:00.000","2020-10-26T00:00:00.000"
"PQRSDS 2020090","Informacion coronapp ingreso AIM","Otros","2020-10-26T00:00:00.000","2020-11-06T00:00:00.000","2020-10-26T00:00:00.000"
"PQRSDS 2020091","Informacion coronapp ingreso AIM","Otros","2020-10-26T00:00:00.000","2020-11-06T00:00:00.000","2020-10-26T00:00:00.000"
"PQRSDS 2020092","Fraude Laboral","Otros","2020-11-05T00:00:00.000","2020-11-15T00:00:00.000","2020-11-05T00:00:00.000"
"PQRSDS 2020093","Vuelo ciudad de Panama","Estados Vuelos","2020-10-30T00:00:00.000","2020-11-10T00:00:00.000","2020-11-05T00:00:00.000"
"PQRSDS 2020094","informacion prueba Covid 19 Internacional","Prueba Covid Internacionales","2020-11-03T00:00:00.000","2020-11-13T00:00:00.000","2020-11-05T00:00:00.000"
"PQRSDS 2020095","Consulta acerca de equipaje","Opam","2020-11-04T00:00:00.000","2020-11-14T00:00:00.000","2020-11-05T00:00:00.000"
"PQRSDS 2020096","examen de COVID-19 para viajar a la ciudad de Bogotá","Prueba Covid Nacionales","2020-11-04T00:00:00.000","2020-11-14T00:00:00.000","2020-11-05T00:00:00.000"
"PQRSDS 2020097","examen de COVID-19 para viajar","Prueba Covid Internacionales","2020-11-05T00:00:00.000","2020-11-15T00:00:00.000","2020-11-05T00:00:00.000"
"PQRSDS 2020098","viajar desde España (islas Canarias) a Colombia (pereira).","Estados Vuelos","2020-11-09T00:00:00.000","2020-11-19T00:00:00.000","2020-11-11T00:00:00.000"
"PQRSDS 2020099","Comunicación directa con Gerencia","Otros","2020-11-10T00:00:00.000","2020-11-20T00:00:00.000","2020-11-11T00:00:00.000"
"PQRSDS 2020100","examen de COVID-19 para viajar a la ciudad de Bogotá","Prueba Covid Nacionales","2020-11-11T00:00:00.000","2020-11-21T00:00:00.000","2020-11-11T00:00:00.000"
"PQRSDS 2020101","viajar desde España a Colombia (pereira).","Ingreso a Colombia","2020-11-11T00:00:00.000","2020-11-21T00:00:00.000","2020-11-11T00:00:00.000"
"PQRSDS 2020102","Queja Aerolineas","Queja Aerolinea","2020-11-05T00:00:00.000","2020-11-15T00:00:00.000","2020-11-17T00:00:00.000"
"PQRSDS 2020103","Consulta Prueba Covid -19","Prueba Covid Internacionales","2020-11-11T00:00:00.000","2020-11-21T00:00:00.000","2020-11-17T00:00:00.000"
"PQRSDS 2020104","Consulta Prueba Covid -20","Prueba Covid Internacionales","2020-11-17T00:00:00.000","2020-11-27T00:00:00.000","2020-11-18T00:00:00.000"
"PQRSDS 2020105","Vuelos provenientes de Panama","Ingreso a Colombia","2020-11-17T00:00:00.000","2020-11-27T00:00:00.000","2020-11-18T00:00:00.000"
"PQRSDS 2020106","prueba de covid para poder salir de Miami e ingresar a Colombia","Ingreso a Colombia","2020-11-17T00:00:00.000","2020-11-27T00:00:00.000","2020-11-18T00:00:00.000"
"PQRSDS 2020107","Hoja de vida","Hoja de Vida","2020-11-17T00:00:00.000","2020-11-27T00:00:00.000","2020-11-18T00:00:00.000"
"PQRSDS 2020108","Parqueaderos","Parking","2020-11-23T00:00:00.000","2020-12-03T00:00:00.000","2020-11-24T00:00:00.000"
"PQRSDS 2020109","Parqueaderos","Parking","2020-11-24T00:00:00.000","2020-12-04T00:00:00.000","2020-11-26T00:00:00.000"
"PQRSDS 2020110","Vuelos de España","Ingreso a Colombia","2020-11-24T00:00:00.000","2020-12-04T00:00:00.000","2020-11-26T00:00:00.000"
"PQRSDS 2020111","Queja Aerolineas","Queja Aerolinea","2020-11-24T00:00:00.000","2020-12-04T00:00:00.000","2020-11-26T00:00:00.000"
"PQRSDS 2020112","Reclamo empresa de seguridad","Otros","2020-11-18T00:00:00.000","2020-11-28T00:00:00.000","2020-11-26T00:00:00.000"
"PQRSDS 2020113","Consulta protocolos bioseguridad","Otros","2020-11-22T00:00:00.000","2020-11-28T00:00:00.000","2020-11-26T00:00:00.000"
"PQRSDS 2020114","Queja Aerolineas","Queja Aerolinea","2020-11-21T00:00:00.000","2020-12-01T00:00:00.000","2020-11-26T00:00:00.000"
"PQRSDS 2020115","Queja Aerolineas","Queja Aerolinea","2020-11-26T00:00:00.000","2020-12-06T00:00:00.000","2020-11-26T00:00:00.000"
"PQRSDS 2020116","Reclamo empresa de seguridad","Otros","2020-11-25T00:00:00.000","2020-12-05T00:00:00.000","2020-11-26T00:00:00.000"
"PQRSDS 2020117","Queja Aerolineas","Queja Aerolinea","2020-11-26T00:00:00.000","2020-12-06T00:00:00.000","2020-11-26T00:00:00.000"
"PQRSDS 2020118","Viaje a chile","Migracion","2020-11-24T00:00:00.000","2020-12-04T00:00:00.000","2020-11-26T00:00:00.000"
"PQRSDS 2020119","Prueba Covid -19","Prueba Covid Internacionales","2020-11-27T00:00:00.000","2020-12-07T00:00:00.000","2020-11-30T00:00:00.000"
"PQRSDS 2020120","Estado de los vuelos","Estados Vuelos","2020-11-27T00:00:00.000","2020-12-07T00:00:00.000","2020-11-30T00:00:00.000"
"PQRSDS 2020121","Parqueaderos","Parking","2020-11-27T00:00:00.000","2020-12-07T00:00:00.000","2020-11-30T00:00:00.000"
"PQRSDS 2020122","Prueba Covid -19","Prueba Covid Internacionales","2020-12-01T00:00:00.000","2020-12-11T00:00:00.000","2020-12-01T00:00:00.000"
"PQRSDS 2020123","Viaje mascota","Mascotas","2020-12-02T00:00:00.000","2020-12-11T00:00:00.000","2020-12-01T00:00:00.000"
"PQRSDS 2020124","Tiquetes y rutas","Tiquetes","2020-12-08T00:00:00.000","2020-12-18T00:00:00.000","2020-12-10T00:00:00.000"
"PQRSDS 2020125","Hoja de vida","Prueba Covid Internacionales","2020-12-08T00:00:00.000","2020-12-18T00:00:00.000","2020-12-10T00:00:00.000"
"PQRSDS 2020126","Prueba Covid -19","Prueba Covid Internacionales","2020-12-08T00:00:00.000","2020-12-18T00:00:00.000","2020-12-10T00:00:00.000"
"PQRSDS 2020127","Parqueaderos","Parking","2020-12-08T00:00:00.000","2020-12-18T00:00:00.000","2020-12-10T00:00:00.000"
"PQRSDS 2020128","Parqueaderos","Quejas instalaciones","2020-12-08T00:00:00.000","2020-12-18T00:00:00.000","2020-12-10T00:00:00.000"
"PQRSDS 2020129","Queja Aerolineas","Queja Aerolinea","2020-12-14T00:00:00.000","2020-12-24T00:00:00.000","2020-12-15T00:00:00.000"
"PQRSDS 2020130","Queja Migracion","Migracion","2020-12-14T00:00:00.000","2020-12-24T00:00:00.000","2020-12-15T00:00:00.000"
"PQRSDS 2020131","Prueba Covid -19","Prueba Covid Internacionales","2020-12-08T00:00:00.000","2020-12-18T00:00:00.000","2020-12-10T00:00:00.000"
"PQRSDS 2020132","Hoja de vida","Hoja de Vida","2020-12-08T00:00:00.000","2020-12-18T00:00:00.000","2020-12-10T00:00:00.000"
"PQRSDS 2020133","Prueba Covid -19","Prueba Covid Internacionales","2020-12-09T00:00:00.000","2020-12-19T00:00:00.000","2020-12-10T00:00:00.000"
"PQRSDS 2020134","Prueba Covid -19","Prueba Covid Internacionales","2020-12-08T00:00:00.000","2020-12-18T00:00:00.000","2020-12-10T00:00:00.000"
"PQRSDS 2020135","Hoja de vida","Hoja de Vida","2020-12-11T00:00:00.000","2020-12-21T00:00:00.000","2020-12-14T00:00:00.000"
"PQRSDS 2020136","Queja empresa de seguridad","Otros","2020-12-11T00:00:00.000","2020-12-21T00:00:00.000","2020-12-14T00:00:00.000"
"PQRSDS 2020137","Queja empresa de seguridad","Otros","2020-12-11T00:00:00.000","2020-12-21T00:00:00.000","2020-12-14T00:00:00.000"
"PQRSDS 2020138","Informacion locales comerciales","Opam","2020-12-11T00:00:00.000","2020-12-21T00:00:00.000","2020-12-14T00:00:00.000"
"PQRSDS 2020139","horarios de operación del aeródromo","Opam","2020-12-15T00:00:00.000","2020-12-25T00:00:00.000","2020-12-15T00:00:00.000"
"PQRSDS 2020140","parqueaderos","Parking","2020-12-15T00:00:00.000","2020-12-25T00:00:00.000","2020-12-15T00:00:00.000"
"PQRSDS 2020141","Inquietud con prueba covid","Prueba Covid Internacionales","2020-12-15T00:00:00.000","2020-12-25T00:00:00.000","2020-12-21T00:00:00.000"
"PQRSDS 2020142","Queja / Reclamo aerolinea","Quejas instalaciones","2020-12-13T00:00:00.000","2020-12-23T00:00:00.000","2020-12-21T00:00:00.000"
"PQRSDS 2020143","Consulta pasaporte americano vencido.","Otros","2020-12-18T00:00:00.000","2020-12-28T00:00:00.000","2020-12-21T00:00:00.000"
"PQRSDS 2020144","Prueba Covid -19","Prueba Covid Internacionales","2020-12-18T00:00:00.000","2020-12-28T00:00:00.000","2020-12-21T00:00:00.000"
"PQRSDS 2020145","Prueba Covid -19","Prueba Covid Internacionales","2020-12-17T00:00:00.000","2020-12-27T00:00:00.000","2020-12-21T00:00:00.000"
"PQRSDS 2020146","Viaje mascota","Mascotas","2020-12-17T00:00:00.000","2020-12-27T00:00:00.000","2020-12-21T00:00:00.000"
"PQRSDS 2020147","Como llegar al Aeropuerto","Otros","2020-12-17T00:00:00.000","2020-12-27T00:00:00.000","2020-12-21T00:00:00.000"
"PQRSDS 2020148","Prueba Covid -19","Prueba Covid Internacionales","2020-12-21T00:00:00.000","2021-01-01T00:00:00.000","2020-12-23T00:00:00.000"
"PQRSDS 2020149","Parqueaderos","Parking","2020-12-21T00:00:00.000","2021-01-01T00:00:00.000","2020-12-23T00:00:00.000"
"PQRSDS 2020150","Prueba Covid -19","Prueba Covid Internacionales","2020-12-21T00:00:00.000","2021-01-01T00:00:00.000","2020-12-23T00:00:00.000"
"PQRSDS 2020151","pico y cedula","Otros","2020-12-21T00:00:00.000","2021-01-01T00:00:00.000","2020-12-23T00:00:00.000"
"PQRSDS 2020152","Cedula extraviada","Objetos Perdidos","2020-12-22T00:00:00.000","2021-01-02T00:00:00.000","2020-12-23T00:00:00.000"
"PQRSDS 2021001","Viaje con mascota","Mascotas","2021-01-04T00:00:00.000","2021-01-14T00:00:00.000","2021-01-13T00:00:00.000"
"PQRSDS 2021002","parqueadero del aeropuerto","Parking","2021-01-06T00:00:00.000","2021-01-16T00:00:00.000","2021-01-13T00:00:00.000"
"PQRSDS 2021003","documentos perdidos","Objetos Perdidos","2021-01-07T00:00:00.000","2021-01-17T00:00:00.000","2021-01-13T00:00:00.000"
"PQRSDS 2021004","documentos perdidos","Objetos Perdidos","2021-01-13T00:00:00.000","2021-01-23T00:00:00.000","2021-01-13T00:00:00.000"
"PQRSDS 2021005","documentos perdidos","Objetos Perdidos","2021-01-08T00:00:00.000","2021-01-18T00:00:00.000","2021-01-13T00:00:00.000"
"PQRSDS 2021006","hoja de vida","Hoja de Vida","2021-01-13T00:00:00.000","2021-01-23T00:00:00.000","2021-01-13T00:00:00.000"
"PQRSDS 2021007","hoja de vida","Hoja de Vida","2021-01-13T00:00:00.000","2021-01-23T00:00:00.000","2021-01-13T00:00:00.000"
"PQRSDS 2021008","hoja de vida","Hoja de Vida","2021-01-13T00:00:00.000","2021-01-23T00:00:00.000","2021-01-13T00:00:00.000"
"PQRSDS 2021009","hoja de vida","Hoja de Vida","2021-01-13T00:00:00.000","2021-01-23T00:00:00.000","2021-01-13T00:00:00.000"
"PQRSDS 2021010","prueba Covid-19","Prueba Covid Internacionales","2021-01-13T00:00:00.000","2021-01-23T00:00:00.000","2021-01-13T00:00:00.000"
"PQRSDS 2021011","prueba Covid-19","Prueba Covid Internacionales","2021-01-13T00:00:00.000","2021-01-23T00:00:00.000","2021-01-13T00:00:00.000"
"PQRSDS 2021012","parqueadero del aeropuerto","Parking","2021-01-27T00:00:00.000","2021-02-07T00:00:00.000","2021-01-27T00:00:00.000"
"PQRSDS 2021013","prueba Covid-19","Prueba Covid Internacionales","2021-01-27T00:00:00.000","2021-02-07T00:00:00.000","2021-01-27T00:00:00.000"
"PQRSDS 2021014","prueba Covid-20","Prueba Covid Internacionales","2021-01-28T00:00:00.000","2021-02-08T00:00:00.000","2021-01-27T00:00:00.000"
"PQRSDS 2021015","publicidad","Otros","2021-02-01T00:00:00.000","2021-02-11T00:00:00.000","2021-02-02T00:00:00.000"
"PQRSDS 2021016","parqueadero del aeropuerto","Parking","2021-02-04T00:00:00.000","2021-02-14T00:00:00.000","2021-02-04T00:00:00.000"
"PQRSDS 2021017","objetos perdidos","Objetos Perdidos","2021-02-08T00:00:00.000","2021-02-18T00:00:00.000","2021-02-16T00:00:00.000"
"PQRSDS 2021018","objetos perdidos","Objetos Perdidos","2021-02-08T00:00:00.000","2021-02-18T00:00:00.000","2021-02-16T00:00:00.000"
"PQRSDS 2021019","hoja de vida","Hoja de Vida","2021-02-08T00:00:00.000","2021-02-18T00:00:00.000","2021-02-16T00:00:00.000"
"PQRSDS 2021020","consulta tiquetes","Tiquetes","2021-02-11T00:00:00.000","2021-02-21T00:00:00.000","2021-02-16T00:00:00.000"
"PQRSDS 2021021","parqueadero del aeropuerto","Parking","2021-02-11T00:00:00.000","2021-02-21T00:00:00.000","2021-02-16T00:00:00.000"
"PQRSDS 2021022","prueba covid-19","Prueba Covid Internacionales","2021-02-18T00:00:00.000","2021-02-28T00:00:00.000","2021-02-18T00:00:00.000"
"PQRSDS 2021023","consulta equipaje","Otros","2021-02-18T00:00:00.000","2021-02-28T00:00:00.000","2021-02-18T00:00:00.000"
"PQRSDS 2021024","hoja de vida","Hoja de Vida","2021-02-22T00:00:00.000","2021-03-02T00:00:00.000","2021-02-22T00:00:00.000"
"PQRSDS 2021025","alquiler de vehiculos","Otros","2021-02-24T00:00:00.000","2021-03-04T00:00:00.000","2021-02-24T00:00:00.000"
"PQRSDS 2021026","consulta prueba Covid-19","Laboratorio","2021-03-01T00:00:00.000","2021-03-11T00:00:00.000","2021-03-01T00:00:00.000"
"PQRSDS 2021027","consulta operadora portuaria servicios","Opam","2021-03-03T00:00:00.000","2021-03-13T00:00:00.000","2021-03-04T00:00:00.000"
"PQRSDS 2021028","consulta prueba Covid-19","Laboratorio","2021-03-05T00:00:00.000","2021-03-15T00:00:00.000","2021-03-05T00:00:00.000"
"PQRSDS 2021029","Daños vehiculo parqueadero aeropuerto","Parking","2021-03-05T00:00:00.000","2021-03-15T00:00:00.000","2021-03-05T00:00:00.000"
"PQRSDS 2021030","inconvenientes seguridad aeropuerto","Otros","2021-03-05T00:00:00.000","2021-03-15T00:00:00.000","2021-03-05T00:00:00.000"
"PQRSDS 2021031","solicitud informacion taxi","Otros","2021-03-08T00:00:00.000","2021-03-18T00:00:00.000","2021-03-08T00:00:00.000"
"PQRSDS 2021032","documentos perdidos","Objetos Perdidos","2021-03-10T00:00:00.000","2021-03-20T00:00:00.000","2021-03-10T00:00:00.000"
"PQRSDS 2021033","hoja de vida","Hoja de Vida","2021-03-10T00:00:00.000","2021-03-20T00:00:00.000","2021-03-10T00:00:00.000"
"PQRSDS 2021034","hoja de vida","Hoja de Vida","2021-03-10T00:00:00.000","2021-03-20T00:00:00.000","2021-03-11T00:00:00.000"
"PQRSDS 2021035","parqueadero del aeropuerto","Parking","2021-03-11T00:00:00.000","2021-03-21T00:00:00.000","2021-03-12T00:00:00.000"
"PQRSDS 2021036","informacion exportacion productos","Otros","2021-03-10T00:00:00.000","2021-03-20T00:00:00.000","2021-03-12T00:00:00.000"
"PQRSDS 2021037","precios tiquetes","Prueba Covid Internacionales","2021-03-12T00:00:00.000","2021-03-22T00:00:00.000","2021-03-12T00:00:00.000"
"PQRSDS 2021038","hoja de vida","Hoja de Vida","2021-03-15T00:00:00.000","2021-03-25T00:00:00.000","2021-03-15T00:00:00.000"
"PQRSDS 2021039","objetos perdidos","Objetos Perdidos","2021-03-15T00:00:00.000","2021-03-25T00:00:00.000","2021-03-15T00:00:00.000"
"PQRSDS 2021040","parqueadero del aeropuerto","Parking","2021-03-16T00:00:00.000","2021-03-26T00:00:00.000","2021-03-17T00:00:00.000"
"PQRSDS 2021041","informacion exportacion productos","Otros","2021-03-18T00:00:00.000","2021-03-28T00:00:00.000","2021-03-19T00:00:00.000"
"PQRSDS 2021042","hoja de vida","Hoja de Vida","2021-03-18T00:00:00.000","2021-03-28T00:00:00.000","2021-03-18T00:00:00.000"
"PQRSDS 2021043","parqueadero del aeropuerto","Parking","2021-03-18T00:00:00.000","2021-03-28T00:00:00.000","2021-03-18T00:00:00.000"
"PQRSDS 2021044","parqueadero del aeropuerto","Parking","2021-03-18T00:00:00.000","2021-03-28T00:00:00.000","2021-03-18T00:00:00.000"
"PQRSDS 2021045","informacion Gerente y Talento Humano","Otros","2021-03-19T00:00:00.000","2021-03-29T00:00:00.000","2021-03-19T00:00:00.000"
"PQRSDS 2021046","Informacion Avianca","Otros","2021-03-25T00:00:00.000","2021-04-05T00:00:00.000","2021-03-25T00:00:00.000"
"PQRSDS 2021047","informacion pantallas aeropuerto","Otros","2021-03-25T00:00:00.000","2021-04-05T00:00:00.000","2021-03-26T00:00:00.000"
"PQRSDS 2021048","proveedores industriales","Otros","2021-03-25T00:00:00.000","2021-04-05T00:00:00.000","2021-03-26T00:00:00.000"
"PQRSDS 2021049","objetos perdidos","Objetos Perdidos","2021-03-26T00:00:00.000","2021-04-06T00:00:00.000","2021-03-26T00:00:00.000"
"PQRSDS 2021050","tiquetes aeros informacion","Tiquetes","2021-04-05T00:00:00.000","2021-04-15T00:00:00.000","2021-04-05T00:00:00.000"
"PQRSDS 2021051","parqueadero del aeropuerto","Parking","2021-04-05T00:00:00.000","2021-04-15T00:00:00.000","2021-04-05T00:00:00.000"
"PQRSDS 2021052","formulario migracion","Otros","2021-03-30T00:00:00.000","2021-04-10T00:00:00.000","2021-04-06T00:00:00.000"
"PQRSDS 2021053","parqueadero del aeropuerto","Parking","2021-04-06T00:00:00.000","2021-04-16T00:00:00.000","2021-04-06T00:00:00.000"
"PQRSDS 2021054","prueba covid","Prueba Covid Internacionales","2021-04-06T00:00:00.000","2021-04-16T00:00:00.000","2021-04-06T00:00:00.000"
"PQRSDS 2021055","hoja de vida","Hoja de Vida","2021-04-07T00:00:00.000","2021-04-17T00:00:00.000","2021-04-07T00:00:00.000"
"PQRSDS 2021056","prueba covid para salir del pais","Prueba Covid Internacionales","2021-04-07T00:00:00.000","2021-04-17T00:00:00.000","2021-04-07T00:00:00.000"
"PQRSDS 2021057","tiquetes aeros informacion","Tiquetes","2021-04-07T00:00:00.000","2021-04-17T00:00:00.000","2021-04-07T00:00:00.000"
"PQRSDS 2021058","prueba covid para salir del pais","Prueba Covid Internacionales","2021-04-07T00:00:00.000","2021-04-17T00:00:00.000","2021-04-07T00:00:00.000"
"PQRSDS 2021059","hoja de vida","Hoja de Vida","2021-04-09T00:00:00.000","2021-04-19T00:00:00.000","2021-04-09T00:00:00.000"
"PQRSDS 2021060","coronapp","Otros","2021-04-10T00:00:00.000","2021-04-20T00:00:00.000","2021-04-12T00:00:00.000"
"PQRSDS 2021061","instalaciones aeroportuarias","Otros","2021-04-11T00:00:00.000","2021-04-20T00:00:00.000","2021-04-13T00:00:00.000"
"PQRSDS 2021062","queja reclamo","Queja Aerolinea","2021-04-12T00:00:00.000","2021-04-22T00:00:00.000","2021-04-13T00:00:00.000"
"PQRSDS 2021063","solicitud documentos","Otros","2021-04-13T00:00:00.000","2021-04-23T00:00:00.000","2021-04-13T00:00:00.000"
"PQRSDS 2021064","parqueadero del aeropuerto","Parking","2021-04-13T00:00:00.000","2021-04-23T00:00:00.000","2021-04-14T00:00:00.000"
"PQRSDS 2021065","informacion aeropuerto el eden","Otros","2021-04-16T00:00:00.000","2021-04-26T00:00:00.000","2021-04-16T00:00:00.000"
"PQRSDS 2021066","objetos perdidos","Objetos Perdidos","2021-04-19T00:00:00.000","2021-04-29T00:00:00.000","2021-04-19T00:00:00.000"
"PQRSDS 2021067","objetos perdidos","Objetos Perdidos","2021-04-20T00:00:00.000","2021-04-30T00:00:00.000","2021-04-21T00:00:00.000"
"PQRSDS 2021068","documentos perdidos","Objetos Perdidos","2021-04-20T00:00:00.000","2021-04-30T00:00:00.000","2021-04-21T00:00:00.000"
"PQRSDS 2021069","hoja de vida","Hoja de Vida","2021-04-21T00:00:00.000","2021-05-01T00:00:00.000","2021-04-21T00:00:00.000"
"PQRSDS 2021070","parqueadero del aeropuerto","Parking","2021-04-21T00:00:00.000","2021-05-01T00:00:00.000","2021-04-21T00:00:00.000"
"PQRSDS 2021071","informacion american airlines","Otros","2021-04-21T00:00:00.000","2021-05-01T00:00:00.000","2021-04-21T00:00:00.000"
"PQRSDS 2021072","parqueadero del aeropuerto","Parking","2021-04-21T00:00:00.000","2021-05-01T00:00:00.000","2021-04-22T00:00:00.000"
"PQRSDS 2021073","parqueadero del aeropuerto","Parking","2021-04-21T00:00:00.000","2021-05-01T00:00:00.000","2021-04-22T00:00:00.000"
"PQRSDS 2021074","solicitud incompleta","Otros","2021-04-22T00:00:00.000","2021-05-01T00:00:00.000","2021-04-22T00:00:00.000"
"PQRSDS 2021075","Prueba covid-19","Prueba Covid Internacionales","2021-04-28T00:00:00.000","2021-05-08T00:00:00.000","2021-04-28T00:00:00.000"
"PQRSDS 2021076","hoja de vida","Hoja de Vida","2021-04-29T00:00:00.000","2021-05-09T00:00:00.000","2021-04-29T00:00:00.000"
"PQRSDS 2021077","incompleta","Otros","2021-04-29T00:00:00.000","2021-05-09T00:00:00.000","2021-04-29T00:00:00.000"
"PQRSDS 2021078","Prueba covid-19","Prueba Covid Internacionales","2021-04-29T00:00:00.000","2021-05-09T00:00:00.000","2021-04-29T00:00:00.000"
"PQRSDS 2021079","hoja de vida","Hoja de Vida","2021-04-29T00:00:00.000","2021-05-09T00:00:00.000","2021-04-29T00:00:00.000"
"PQRSDS 2021080","hoja de vida","Hoja de Vida","2021-04-30T00:00:00.000","2021-05-10T00:00:00.000","2021-04-30T00:00:00.000"
"PQRSDS 2021081","prueba pcr","Prueba Covid Internacionales","2021-05-03T00:00:00.000","2021-05-13T00:00:00.000","2021-05-04T00:00:00.000"
"PQRSDS 2021082","aeropuerto operando","Horario Aeropuerto","2021-05-04T00:00:00.000","2021-05-14T00:00:00.000","2021-05-04T00:00:00.000"
"PQRSDS 2021083","aeropuerto operando","Horario Aeropuerto","2021-05-04T00:00:00.000","2021-05-14T00:00:00.000","2021-05-04T00:00:00.000"
"PQRSDS 2021084","aeropuerto operando","Horario Aeropuerto","2021-05-07T00:00:00.000","2021-05-17T00:00:00.000","2021-05-07T00:00:00.000"
"PQRSDS 2021085","objetos perdidos","Objetos Perdidos","2021-05-07T00:00:00.000","2021-05-17T00:00:00.000","2021-05-07T00:00:00.000"
"PQRSDS 2021086","tiquetes aeros informacion","Tiquetes","2021-05-07T00:00:00.000","2021-05-17T00:00:00.000","2021-05-07T00:00:00.000"
"PQRSDS 2021087","aeropuerto operando","Horario Aeropuerto","2021-05-10T00:00:00.000","2021-05-20T00:00:00.000","2021-05-10T00:00:00.000"
"PQRSDS 2021088","tiquetes aeros informacion","Tiquetes","2021-05-10T00:00:00.000","2021-05-20T00:00:00.000","2021-05-10T00:00:00.000"
"PQRSDS 2021089","tiquetes aeros informacion","Tiquetes","2021-05-10T00:00:00.000","2021-05-20T00:00:00.000","2021-05-10T00:00:00.000"
"PQRSDS 2021090","Queja cajeros bancolombia","Otros","2021-05-10T00:00:00.000","2021-05-20T00:00:00.000","2021-05-12T00:00:00.000"
"PQRSDS 2021091","prueba Covid-19","Prueba Covid Internacionales","2021-05-11T00:00:00.000","2021-05-21T00:00:00.000","2021-05-12T00:00:00.000"
"PQRSDS 2021092","hoja de vida","Hoja de Vida","2021-05-13T00:00:00.000","2021-05-23T00:00:00.000","2021-05-13T00:00:00.000"
"PQRSDS 2021093","informacion american airlines","Otros","2021-05-13T00:00:00.000","2021-05-23T00:00:00.000","2021-05-13T00:00:00.000"
"PQRSDS 2021094","tiquetes aeros informacion","Tiquetes","2021-05-14T00:00:00.000","2021-05-24T00:00:00.000","2021-05-14T00:00:00.000"
"PQRSDS 2021095","tiquetes aeros informacion","Tiquetes","2021-05-18T00:00:00.000","2021-05-28T00:00:00.000","2021-05-18T00:00:00.000"
"PQRSDS 2021096","objetos perdidos","Objetos Perdidos","2021-05-18T00:00:00.000","2021-05-28T00:00:00.000","2021-05-18T00:00:00.000"
"PQRSDS 2021097","queja reclamo","Queja Aerolinea","2021-05-18T00:00:00.000","2021-05-28T00:00:00.000","2021-05-18T00:00:00.000"
"PQRSDS 2021098","prueba covid-19","Prueba Covid Internacionales","2021-05-20T00:00:00.000","2021-05-30T00:00:00.000","2021-05-21T00:00:00.000"
"PQRSDS 2021099","hoja de vida","Hoja de Vida","2021-05-25T00:00:00.000","2021-06-05T00:00:00.000","2021-05-26T00:00:00.000"
"PQRSDS 2021100","ingreso aeropuerto","Otros","2021-05-25T00:00:00.000","2021-06-05T00:00:00.000","2021-05-26T00:00:00.000"
"PQRSDS 2021101","Solicitud ayudas humanitarias Cuba","Otros","2021-05-26T00:00:00.000","2021-06-06T00:00:00.000","2021-05-27T00:00:00.000"
"PQRSDS 2021102","informacion parqueadero","Parking","2021-05-28T00:00:00.000","2021-06-08T00:00:00.000","2021-05-28T00:00:00.000"
"PQRSDS 2021103","informacion metereologica","Otros","2021-05-31T00:00:00.000","2021-06-11T00:00:00.000","2021-05-31T00:00:00.000"
"PQRSDS 2021104","queja reclamo empresa de seguridad","Otros","2021-05-31T00:00:00.000","2021-06-11T00:00:00.000","2021-05-31T00:00:00.000"
"PQRSDS 2021105","prueba covid","Prueba Covid Internacionales","2021-06-02T00:00:00.000","2021-06-12T00:00:00.000","2021-06-02T00:00:00.000"
"PQRSDS 2021106","Persona desaparecida","Otros","2021-06-02T00:00:00.000","2021-06-12T00:00:00.000","2021-06-03T00:00:00.000"
"PQRSDS 2021107","hoja de vida","Hoja de Vida","2021-06-03T00:00:00.000","2021-06-12T00:00:00.000","2021-06-04T00:00:00.000"
"PQRSDS 2021108","solicitud factura","Otros","2021-06-02T00:00:00.000","2021-06-12T00:00:00.000","2021-06-03T00:00:00.000"
"PQRSDS 2021109","parqueadero del aeropuerto","Parking","2021-06-04T00:00:00.000","2021-06-14T00:00:00.000","2021-06-04T00:00:00.000"
"PQRSDS 2021110","queja reclamo empresa de seguridad","Otros","2021-06-04T00:00:00.000","2021-06-14T00:00:00.000","2021-06-04T00:00:00.000"
"PQRSDS 2021111","informacion laboratorio","Laboratorio","2021-06-08T00:00:00.000","2021-06-18T00:00:00.000","2021-06-08T00:00:00.000"
"PQRSDS 2021112","informacion laboratorio","Laboratorio","2021-06-08T00:00:00.000","2021-06-18T00:00:00.000","2021-06-08T00:00:00.000"
"PQRSDS 2021113","informacion laboratorio","Laboratorio","2021-06-08T00:00:00.000","2021-06-18T00:00:00.000","2021-06-08T00:00:00.000"
"PQRSDS 2021114","informacion tiquetes","Tiquetes","2021-06-08T00:00:00.000","2021-06-18T00:00:00.000","2021-06-08T00:00:00.000"
"PQRSDS 2021115","hoja de vida","Hoja de Vida","2021-06-09T00:00:00.000","2021-06-19T00:00:00.000","2021-06-09T00:00:00.000"
"PQRSDS 2021116","informacion laboratorio","Laboratorio","2021-06-09T00:00:00.000","2021-06-19T00:00:00.000","2021-06-10T00:00:00.000"
"PQRSDS 2021117","informacion tiquetes","Tiquetes","2021-06-10T00:00:00.000","2021-06-19T00:00:00.000","2021-06-10T00:00:00.000"
"PQRSDS 2021118","queja empresa de seguridad","Otros","2021-06-10T00:00:00.000","2021-06-20T00:00:00.000","2021-06-11T00:00:00.000"
"PQRSDS 2021119","queja empresa de seguridad","Otros","2021-06-10T00:00:00.000","2021-06-20T00:00:00.000","2021-06-11T00:00:00.000"
"PQRSDS 2021120","informacion para salir de colombia","Migracion","2021-06-11T00:00:00.000","2021-06-21T00:00:00.000","2021-06-15T00:00:00.000"
"PQRSDS 2021121","informacion laboratorio","Laboratorio","2021-06-15T00:00:00.000","2021-06-25T00:00:00.000","2021-06-15T00:00:00.000"
"PQRSDS 2021122","hoja de vida","Hoja de Vida","2021-06-15T00:00:00.000","2021-06-25T00:00:00.000","2021-06-15T00:00:00.000"
"PQRSDS 2021123","hoja de vida","Hoja de Vida","2021-06-16T00:00:00.000","2021-06-25T00:00:00.000","2021-06-15T00:00:00.000"
"PQRSDS 2021124","objetos perdidos","Objetos Perdidos","2021-06-17T00:00:00.000","2021-06-27T00:00:00.000","2021-06-18T00:00:00.000"
"PQRSDS 2021125","parqueadero del aeropuerto","Parking","2021-06-18T00:00:00.000","2021-06-28T00:00:00.000","2021-06-18T00:00:00.000"
"PQRSDS 2021126","informacion laboratorio","Laboratorio","2021-06-21T00:00:00.000","2021-07-01T00:00:00.000","2021-06-21T00:00:00.000"
"PQRSDS 2021127","informacion viajes a españa","Tiquetes","2021-06-21T00:00:00.000","2021-07-01T00:00:00.000","2021-06-21T00:00:00.000"
"PQRSDS 2021128","tiquetes aeros informacion","Tiquetes","2021-06-21T00:00:00.000","2021-07-01T00:00:00.000","2021-06-21T00:00:00.000"
"PQRSDS 2021129","transporte publico aeropuerto","Otros","2021-06-21T00:00:00.000","2021-07-01T00:00:00.000","2021-06-21T00:00:00.000"
"PQRSDS 2021130","informacion viajes a españa","Tiquetes","2021-06-23T00:00:00.000","2021-07-03T00:00:00.000","2021-06-23T00:00:00.000"
"PQRSDS 2021131","hoja de vida","Hoja de Vida","2021-06-25T00:00:00.000","2021-07-05T00:00:00.000","2021-06-25T00:00:00.000"
"PQRSDS 2021132","objetos perdidos","Objetos Perdidos","2021-06-25T00:00:00.000","2021-07-05T00:00:00.000","2021-06-28T00:00:00.000"
"PQRSDS 2021133","informacion prueba covid","Laboratorio","2021-06-20T00:00:00.000","2021-07-05T00:00:00.000","2021-06-28T00:00:00.000"
"PQRSDS 2021134","parqueadero del aeropuerto","Parking","2021-06-28T00:00:00.000","2021-07-08T00:00:00.000","2021-06-28T00:00:00.000"
"PQRSDS 2021135","parqueadero del aeropuerto","Parking","2021-06-28T00:00:00.000","2021-07-08T00:00:00.000","2021-06-28T00:00:00.000"
"PQRSDS 2021136","informacion aerolinea","Otros","2021-06-28T00:00:00.000","2021-07-08T00:00:00.000","2021-06-28T00:00:00.000"
"PQRSDS 2021137","informacion los motivos imperioso","Otros","2021-06-28T00:00:00.000","2021-07-08T00:00:00.000","2021-06-28T00:00:00.000"
"PQRSDS 2021138","parqueadero del aeropuerto","Parking","2021-06-30T00:00:00.000","2021-07-10T00:00:00.000","2021-06-30T00:00:00.000"
"PQRSDS 2021139","covid test to enter USA.","Prueba Covid Internacionales","2021-06-30T00:00:00.000","2021-07-10T00:00:00.000","2021-06-30T00:00:00.000"
"PQRSDS 2021140","laboratorio Aeropuerto","Laboratorio","2021-06-30T00:00:00.000","2021-07-10T00:00:00.000","2021-06-30T00:00:00.000"
"PQRSDS 2021141","laboratorio Aeropuerto","Laboratorio","2021-06-30T00:00:00.000","2021-07-10T00:00:00.000","2021-06-30T00:00:00.000"
"PQRSDS 2021142","hoja de vida","Hoja de Vida","2021-06-30T00:00:00.000","2021-07-10T00:00:00.000","2021-06-30T00:00:00.000"
"PQRSDS 2021143","prueba pcr nivel nacional","Prueba Covid Nacionales","2021-06-30T00:00:00.000","2021-07-10T00:00:00.000","2021-06-30T00:00:00.000"
"PQRSDS 2021144","hoja de vida","Hoja de Vida","2021-07-01T00:00:00.000","2021-07-11T00:00:00.000","2021-07-01T00:00:00.000"
"PQRSDS 2021145","parqueadero del aeropuerto","Parking","2021-07-01T00:00:00.000","2021-07-11T00:00:00.000","2021-07-01T00:00:00.000"
"PQRSDS 2021146","laboratorio Aeropuerto","Laboratorio","2021-07-01T00:00:00.000","2021-07-11T00:00:00.000","2021-07-01T00:00:00.000"
"PQRSDS 2021147","parqueadero del aeropuerto","Parking","2021-07-06T00:00:00.000","2021-07-16T00:00:00.000","2021-07-06T00:00:00.000"
"PQRSDS 2021148","parqueadero del aeropuerto","Parking","2021-07-06T00:00:00.000","2021-07-16T00:00:00.000","2021-07-06T00:00:00.000"
"PQRSDS 2021149","hoja de vida","Hoja de Vida","2021-07-06T00:00:00.000","2021-07-16T00:00:00.000","2021-07-06T00:00:00.000"
"PQRSDS 2021150","wifi access","Otros","2021-07-08T00:00:00.000","2021-07-18T00:00:00.000","2021-07-08T00:00:00.000"
"PQRSDS 2021151","hoja de vida","Hoja de Vida","2021-07-08T00:00:00.000","2021-07-18T00:00:00.000","2021-07-08T00:00:00.000"
"PQRSDS 2021152","parqueadero del aeropuerto","Parking","2021-07-12T00:00:00.000","2021-07-22T00:00:00.000","2021-07-12T00:00:00.000"
"PQRSDS 2021153","american airlines informacion","Otros","2021-07-12T00:00:00.000","2021-07-22T00:00:00.000","2021-07-12T00:00:00.000"
"PQRSDS 2021154","hoja de vida","Hoja de Vida","2021-07-15T00:00:00.000","2021-07-25T00:00:00.000","2021-07-15T00:00:00.000"
"PQRSDS 2021155","informacion guardamaletas","Otros","2021-07-15T00:00:00.000","2021-07-25T00:00:00.000","2021-07-15T00:00:00.000"
"PQRSDS 2021156","queja equipaje abierto","Queja Aerolinea","2021-07-19T00:00:00.000","2021-07-29T00:00:00.000","2021-07-19T00:00:00.000"
"PQRSDS 2021157","hoja de vida","Hoja de Vida","2021-07-19T00:00:00.000","2021-07-29T00:00:00.000","2021-07-19T00:00:00.000"
"PQRSDS 2021158","objetos perdidos","Objetos Perdidos","2021-07-19T00:00:00.000","2021-07-29T00:00:00.000","2021-07-19T00:00:00.000"
"PQRSDS 2021159","objetos perdidos","Objetos Perdidos","2021-07-19T00:00:00.000","2021-07-29T00:00:00.000","2021-07-19T00:00:00.000"
"PQRSDS 2021160","queja reclamo","Queja Aerolinea","2021-07-19T00:00:00.000","2021-07-29T00:00:00.000","2021-07-19T00:00:00.000"
"PQRSDS 2021161","queja reclamo","Queja Aerolinea","2021-07-19T00:00:00.000","2021-07-29T00:00:00.000","2021-07-19T00:00:00.000"
"PQRSDS 2021162","hoja de vida","Hoja de Vida","2021-07-21T00:00:00.000","2021-07-31T00:00:00.000","2021-07-21T00:00:00.000"
"PQRSDS 2021163","objetos perdidos","Objetos Perdidos","2021-07-21T00:00:00.000","2021-07-31T00:00:00.000","2021-07-21T00:00:00.000"
"PQRSDS 2021164","queja reclamo instalaciones","Quejas instalaciones","2021-07-21T00:00:00.000","2021-07-31T00:00:00.000","2021-07-21T00:00:00.000"
"PQRSDS 2021165","prueba covid","Prueba Covid Internacionales","2021-07-26T00:00:00.000","2021-08-06T00:00:00.000","2021-07-26T00:00:00.000"
"PQRSDS 2021166","documentos ciudadano extranjero","Otros","2021-07-26T00:00:00.000","2021-08-06T00:00:00.000","2021-07-26T00:00:00.000"
"PQRSDS 2021167","horario aeropuerto","Otros","2021-07-26T00:00:00.000","2021-08-06T00:00:00.000","2021-07-26T00:00:00.000"
"PQRSDS 2021168","parqueadero del aeropuerto","Parking","2021-07-26T00:00:00.000","2021-08-06T00:00:00.000","2021-07-26T00:00:00.000"
"PQRSDS 2021169","objetos perdidos","Objetos Perdidos","2021-07-27T00:00:00.000","2021-08-07T00:00:00.000","2021-07-27T00:00:00.000"
"PQRSDS 2021170","parqueadero del aeropuerto","Parking","2021-07-27T00:00:00.000","2021-08-07T00:00:00.000","2021-07-27T00:00:00.000"
"PQRSDS 2021171","parqueadero del aeropuerto","Parking","2021-07-27T00:00:00.000","2021-08-07T00:00:00.000","2021-07-27T00:00:00.000"
"PQRSDS 2021172","parqueadero del aeropuerto","Parking","2021-07-27T00:00:00.000","2021-08-07T00:00:00.000","2021-07-27T00:00:00.000"
"PQRSDS 2021173","parqueadero del aeropuerto","Parking","2021-07-27T00:00:00.000","2021-08-07T00:00:00.000","2021-07-27T00:00:00.000"
"PQRSDS 2021174","queja reclamo seguridad","Otros","2021-07-27T00:00:00.000","2021-08-08T00:00:00.000","2021-07-30T00:00:00.000"
"PQRSDS 2021175","queja aerolinea","Queja Aerolinea","2021-07-27T00:00:00.000","2021-08-07T00:00:00.000","2021-07-30T00:00:00.000"
"PQRSDS 2021176","hoja de vida","Hoja de Vida","2021-08-02T00:00:00.000","2021-08-12T00:00:00.000","2021-08-02T00:00:00.000"
"PQRSDS 2021177","objetos perdidos","Objetos Perdidos","2021-08-02T00:00:00.000","2021-08-12T00:00:00.000","2021-08-02T00:00:00.000"
"PQRSDS 2021178","tiquetes aeros informacion","Tiquetes","2021-08-02T00:00:00.000","2021-08-12T00:00:00.000","2021-08-02T00:00:00.000"
"PQRSDS 2021179","servicio de taxi","Otros","2021-08-02T00:00:00.000","2021-08-12T00:00:00.000","2021-08-02T00:00:00.000"
"PQRSDS 2021180","hoja de vida","Hoja de Vida","2021-08-04T00:00:00.000","2021-08-14T00:00:00.000","2021-08-05T00:00:00.000"
"PQRSDS 2021181","documentos ciudadano extranjero","Otros","2021-08-05T00:00:00.000","2021-08-15T00:00:00.000","2021-08-05T00:00:00.000"
"PQRSDS 2021182","servicio de transporte","Otros","2021-08-05T00:00:00.000","2021-08-15T00:00:00.000","2021-08-05T00:00:00.000"
"PQRSDS 2021183","laboratorio Aeropuerto","Laboratorio","2021-08-05T00:00:00.000","2021-08-15T00:00:00.000","2021-08-05T00:00:00.000"
"PQRSDS 2021184","servicio parqueadero","Parking","2021-08-03T00:00:00.000","2021-08-13T00:00:00.000","2021-08-03T00:00:00.000"
"PQRSDS 2021185","servicio parqueadero","Parking","2021-08-03T00:00:00.000","2021-08-13T00:00:00.000","2021-08-03T00:00:00.000"
"PQRSDS 2021186","servicio parqueadero","Parking","2021-08-03T00:00:00.000","2021-08-13T00:00:00.000","2021-08-03T00:00:00.000"
"PQRSDS 2021187","servicio parqueadero","Parking","2021-08-03T00:00:00.000","2021-08-13T00:00:00.000","2021-08-03T00:00:00.000"
"PQRSDS 2021188","restricciones viajes nacionales","Otros","2021-08-09T00:00:00.000","2021-08-19T00:00:00.000","2021-08-09T00:00:00.000"
"PQRSDS 2021189","objetos perdidos","Objetos Perdidos","2021-08-09T00:00:00.000","2021-08-19T00:00:00.000","2021-08-09T00:00:00.000"
"PQRSDS 2021190","laboratorio Aeropuerto","Laboratorio","2021-08-10T00:00:00.000","2021-08-20T00:00:00.000","2021-08-10T00:00:00.000"
"PQRSDS 2021191","parqueadero del aeropuerto","Parking","2021-08-09T00:00:00.000","2021-08-19T00:00:00.000","2021-08-10T00:00:00.000"
"PQRSDS 2021192","Salas VIP","Otros","2021-08-11T00:00:00.000","2021-08-21T00:00:00.000","2021-08-11T00:00:00.000"
"PQRSDS 2021193","tiquetes aeros informacion","Tiquetes","2021-08-12T00:00:00.000","2021-08-22T00:00:00.000","2021-08-12T00:00:00.000"
"PQRSDS 2021194","parqueadero del aeropuerto","Parking","2021-08-17T00:00:00.000","2021-08-27T00:00:00.000","2021-08-17T00:00:00.000"
"PQRSDS 2021195","Salas VIP","Otros","2021-08-17T00:00:00.000","2021-08-27T00:00:00.000","2021-08-17T00:00:00.000"
"PQRSDS 2021196","Informacion incompleta","Otros","2021-08-17T00:00:00.000","2021-08-27T00:00:00.000","2021-08-18T00:00:00.000"
"PQRSDS 2021197","Informacion viaje sin vacuna","Otros","2021-08-18T00:00:00.000","2021-08-28T00:00:00.000","2021-08-18T00:00:00.000"
"PQRSDS 2021198","parqueadero del aeropuerto","Parking","2021-08-19T00:00:00.000","2021-08-29T00:00:00.000","2021-08-19T00:00:00.000"
"PQRSDS 2021199","codigo Viva Air","Otros","2021-08-20T00:00:00.000","2021-08-30T00:00:00.000","2021-08-20T00:00:00.000"
"PQRSDS 2021200","parqueadero del aeropuerto","Parking","2021-08-23T00:00:00.000","2021-09-03T00:00:00.000","2021-08-23T00:00:00.000"
"PQRSDS 2021201","Hoja de vida","Hoja de Vida","2021-08-26T00:00:00.000","2021-09-06T00:00:00.000","2021-08-26T00:00:00.000"
"PQRSDS 2021202","Hoja de vida","Hoja de Vida","2021-08-30T00:00:00.000","2021-09-10T00:00:00.000","2021-08-30T00:00:00.000"
"PQRSDS 2021203","puesto de vacunacion","Otros","2021-08-26T00:00:00.000","2021-09-16T00:00:00.000","2021-08-30T00:00:00.000"
"PQRSDS 2021204","parqueadero del aeropuerto","Parking","2021-08-30T00:00:00.000","2021-09-10T00:00:00.000","2021-08-31T00:00:00.000"
"PQRSDS 2021205","Hoja de vida","Hoja de Vida","2021-08-30T00:00:00.000","2021-09-10T00:00:00.000","2021-08-31T00:00:00.000"
"PQRSDS 2021206","parqueadero del aeropuerto","Parking","2021-08-31T00:00:00.000","2021-09-10T00:00:00.000","2021-08-31T00:00:00.000"
"PQRSDS 2021207","servicios locales comerciales","Otros","2021-08-31T00:00:00.000","2021-09-10T00:00:00.000","2021-08-31T00:00:00.000"
"PQRSDS 2021208","objetos perdidos","Objetos Perdidos","2021-08-31T00:00:00.000","2021-09-10T00:00:00.000","2021-08-31T00:00:00.000"
"PQRSDS 2021209","parqueadero del aeropuerto","Parking","2021-09-01T00:00:00.000","2021-09-11T00:00:00.000","2021-09-01T00:00:00.000"
"PQRSDS 2021210","estado de los vuelos","Estados Vuelos","2021-09-01T00:00:00.000","2021-09-11T00:00:00.000","2021-09-01T00:00:00.000"
"PQRSDS 2021211","Hoja de vida","Hoja de Vida","2021-09-02T00:00:00.000","2021-09-12T00:00:00.000","2021-09-02T00:00:00.000"
"PQRSDS 2021212","Hoja de vida","Hoja de Vida","2021-09-02T00:00:00.000","2021-09-12T00:00:00.000","2021-09-02T00:00:00.000"
"PQRSDS 2021213","tiquetes aeros informacion","Tiquetes","2021-09-06T00:00:00.000","2021-09-16T00:00:00.000","2021-09-06T00:00:00.000"
"PQRSDS 2021214","parqueadero del aeropuerto","Parking","2021-09-06T00:00:00.000","2021-09-16T00:00:00.000","2021-09-06T00:00:00.000"
"PQRSDS 2021215","parqueadero del aeropuerto","Parking","2021-09-06T00:00:00.000","2021-09-16T00:00:00.000","2021-09-07T00:00:00.000"
"PQRSDS 2021216","queja reclamo seguridad","Otros","2021-09-08T00:00:00.000","2021-09-18T00:00:00.000","2021-09-08T00:00:00.000"
"PQRSDS 2021217","sugerencia ruta de vuelos","Otros","2021-09-09T00:00:00.000","2021-09-19T00:00:00.000","2021-09-09T00:00:00.000"
"PQRSDS 2021218","prueba covid","Prueba Covid Internacionales","2021-09-13T00:00:00.000","2021-09-23T00:00:00.000","2021-09-13T00:00:00.000"
"PQRSDS 2021219","acompañantes a la terminal","Otros","2021-09-14T00:00:00.000","2021-09-24T00:00:00.000","2021-09-14T00:00:00.000"
"PQRSDS 2021220","informacion copa airllines","Otros","2021-09-14T00:00:00.000","2021-09-24T00:00:00.000","2021-09-15T00:00:00.000"
"PQRSDS 2021221","prueba covid","Prueba Covid Internacionales","2021-09-15T00:00:00.000","2021-09-25T00:00:00.000","2021-09-15T00:00:00.000"
"PQRSDS 2021222","tiquetes aeros informacion","Tiquetes","2021-09-17T00:00:00.000","2021-09-27T00:00:00.000","2021-09-17T00:00:00.000"
"PQRSDS 2021223","sugerencia ruta de vuelos","Otros","2021-09-15T00:00:00.000","2021-09-25T00:00:00.000","2021-09-16T00:00:00.000"
"PQRSDS 2021224","carnet de vacunacion","Otros","2021-09-21T00:00:00.000","2021-10-01T00:00:00.000","2021-09-22T00:00:00.000"
"PQRSDS 2021225","parqueadero del aeropuerto","Parking","2021-09-22T00:00:00.000","2021-10-02T00:00:00.000","2021-09-22T00:00:00.000"
"PQRSDS 2021226","prueba pcr","Prueba Covid Internacionales","2021-09-23T00:00:00.000","2021-10-03T00:00:00.000","2021-09-23T00:00:00.000"
"PQRSDS 2021227","latam servicios","Objetos Perdidos","2021-09-23T00:00:00.000","2021-10-03T00:00:00.000","2021-09-23T00:00:00.000"
"PQRSDS 2021228","queja reclamo equipaje","Queja Aerolinea","2021-09-23T00:00:00.000","2021-10-03T00:00:00.000","2021-09-24T00:00:00.000"
"PQRSDS 2021229","queja reclamo instalaciones","Quejas instalaciones","2021-09-23T00:00:00.000","2021-10-03T00:00:00.000","2021-09-24T00:00:00.000"
"PQRSDS 2021230","prueba pcr","Prueba Covid Internacionales","2021-09-27T00:00:00.000","2021-10-07T00:00:00.000","2021-09-27T00:00:00.000"
"PQRSDS 2021231","acompañantes a la terminal","Otros","2021-09-27T00:00:00.000","2021-10-07T00:00:00.000","2021-09-28T00:00:00.000"
"PQRSDS 2021232","solicitud estadisticas pasajeros afectados por covid","Otros","2021-09-28T00:00:00.000","2021-10-08T00:00:00.000","2021-09-29T00:00:00.000"
"PQRSDS 2021233","consulta gobierno de España","Otros","2021-10-05T00:00:00.000","2021-10-15T00:00:00.000","2021-10-05T00:00:00.000"
"PQRSDS 2021234","Hoja de vida","Hoja de Vida","2021-10-04T00:00:00.000","2021-10-14T00:00:00.000","2021-10-04T00:00:00.000"
"PQRSDS 2021235","tiquetes aeros informacion","Tiquetes","2021-10-06T00:00:00.000","2021-10-16T00:00:00.000","2021-10-06T00:00:00.000"
"PQRSDS 2021236","objetos perdidos","Objetos Perdidos","2021-10-04T00:00:00.000","2021-10-14T00:00:00.000","2021-10-06T00:00:00.000"
"PQRSDS 2021237","tiquetes aeros informacion","Tiquetes","2021-10-08T00:00:00.000","2021-10-18T00:00:00.000","2021-10-08T00:00:00.000"
"PQRSDS 2021238","parqueadero del aeropuerto","Parking","2021-10-07T00:00:00.000","2021-10-17T00:00:00.000","2021-10-07T00:00:00.000"
"PQRSDS 2021239","exportacion de comercio","Otros","2021-10-11T00:00:00.000","2021-10-11T00:00:00.000","2021-10-11T00:00:00.000"
"PQRSDS 2021240","guarda equipaje","Otros","2021-10-11T00:00:00.000","2021-10-11T00:00:00.000","2021-10-11T00:00:00.000"
"PQRSDS 2021241","parqueadero del aeropuerto","Parking","2021-10-11T00:00:00.000","2021-10-11T00:00:00.000","2021-10-12T00:00:00.000"
"PQRSDS 2021242","parqueadero del aeropuerto","Parking","2021-10-12T00:00:00.000","2021-10-12T00:00:00.000","2021-10-13T00:00:00.000"
"PQRSDS 2021243","parqueadero del aeropuerto","Parking","2021-10-13T00:00:00.000","2021-10-13T00:00:00.000","2021-10-13T00:00:00.000"
"PQRSDS 2021244","objetos perdidos","Objetos Perdidos","2021-10-13T00:00:00.000","2021-10-13T00:00:00.000","2021-10-13T00:00:00.000"
"PQRSDS 2021245","prueba pcr","Prueba Covid Internacionales","2021-10-19T00:00:00.000","2021-10-29T00:00:00.000","2021-10-19T00:00:00.000"
"PQRSDS 2021246","prueba pcr","Prueba Covid Internacionales","2021-10-20T00:00:00.000","2021-10-30T00:00:00.000","2021-10-20T00:00:00.000"
"PQRSDS 2021247","tiquetes aeros informacion","Tiquetes","2021-10-22T00:00:00.000","2021-11-02T00:00:00.000","2021-10-25T00:00:00.000"
"PQRSDS 2021248","tiquetes aeros informacion","Tiquetes","2021-10-26T00:00:00.000","2021-11-06T00:00:00.000","2021-10-27T00:00:00.000"
"PQRSDS 2021249","prueba PCR","Prueba Covid Internacionales","2021-10-26T00:00:00.000","2021-11-06T00:00:00.000","2021-10-27T00:00:00.000"
"PQRSDS 2021250","objetos perdidos","Objetos Perdidos","2021-11-02T00:00:00.000","2021-11-12T00:00:00.000","2021-11-02T00:00:00.000"
"PQRSDS 2021251","objetos perdidos","Objetos Perdidos","2021-11-03T00:00:00.000","2021-11-13T00:00:00.000","2021-11-04T00:00:00.000"
"PQRSDS 2021252","queja reclamo","Queja Aerolinea","2021-11-04T00:00:00.000","2021-11-14T00:00:00.000","2021-11-05T00:00:00.000"
"PQRSDS 2021253","objetos perdidos","Objetos Perdidos","2021-11-06T00:00:00.000","2021-11-16T00:00:00.000","2021-11-08T00:00:00.000"
"PQRSDS 2021254","laboratorio Aeropuerto","Laboratorio","2021-11-06T00:00:00.000","2021-11-16T00:00:00.000","2021-11-08T00:00:00.000"
"PQRSDS 2021255","tiquetes aeros informacion","Tiquetes","2021-11-08T00:00:00.000","2021-11-18T00:00:00.000","2021-11-09T00:00:00.000"
"PQRSDS 2021256","prueba covid","Prueba Covid Internacionales","2021-11-08T00:00:00.000","2021-11-18T00:00:00.000","2021-11-09T00:00:00.000"
"PQRSDS 2021257","objetos perdidos","Objetos Perdidos","2021-11-09T00:00:00.000","2021-11-19T00:00:00.000","2021-11-09T00:00:00.000"
"PQRSDS 2021258","queja aerolinea","Queja Aerolinea","2021-11-09T00:00:00.000","2021-11-19T00:00:00.000","2021-11-10T00:00:00.000"
"PQRSDS 2021259","objetos perdidos","Objetos Perdidos","2021-11-09T00:00:00.000","2021-11-19T00:00:00.000","2021-11-10T00:00:00.000"
"PQRSDS 2021260","laboratorio Aeropuerto","Objetos Perdidos","2021-11-10T00:00:00.000","2021-11-20T00:00:00.000","2021-11-12T00:00:00.000"
"PQRSDS 2021261","laboratorio Aeropuerto","Objetos Perdidos","2021-11-12T00:00:00.000","2021-11-22T00:00:00.000","2021-11-12T00:00:00.000"
"PQRSDS 2021262","laboratorio Aeropuerto","Objetos Perdidos","2021-11-12T00:00:00.000","2021-11-22T00:00:00.000","2021-11-12T00:00:00.000"
"PQRSDS 2021263","parqueadero del aeropuerto","Parking","2021-11-15T00:00:00.000","2021-11-25T00:00:00.000","2021-11-16T00:00:00.000"
"PQRSDS 2021264","parqueadero del aeropuerto","Parking","2021-11-15T00:00:00.000","2021-11-25T00:00:00.000","2021-11-16T00:00:00.000"
"PQRSDS 2021265","parqueadero del aeropuerto","Parking","2021-11-15T00:00:00.000","2021-11-25T00:00:00.000","2021-11-16T00:00:00.000"
"PQRSDS 2021266","parqueadero del aeropuerto","Parking","2021-11-15T00:00:00.000","2021-11-25T00:00:00.000","2021-11-16T00:00:00.000"
"PQRSDS 2021267","migracion colombia","Migracion","2021-11-15T00:00:00.000","2021-11-25T00:00:00.000","2021-11-16T00:00:00.000"
"PQRSDS 2021268","parqueadero del aeropuerto","Parking","2021-11-16T00:00:00.000","2021-11-16T00:00:00.000","2021-11-16T00:00:00.000"
"PQRSDS 2021269","parqueadero del aeropuerto","Parking","2021-11-16T00:00:00.000","2021-11-16T00:00:00.000","2021-11-16T00:00:00.000"
"PQRSDS 2021270","prueba covid","Prueba Covid Internacionales","2021-11-16T00:00:00.000","2021-11-16T00:00:00.000","2021-11-17T00:00:00.000"
"PQRSDS 2021271","queja reclamo aerolinea","Queja Aerolinea","2021-11-16T00:00:00.000","2021-11-16T00:00:00.000","2021-11-17T00:00:00.000"
"PQRSDS 2021272","Hoja de vida","Hoja de Vida","2021-11-17T00:00:00.000","2021-11-27T00:00:00.000","2021-11-17T00:00:00.000"
"PQRSDS 2021273","horario aeropuerto","Otros","2021-11-19T00:00:00.000","2021-11-29T00:00:00.000","2021-11-19T00:00:00.000"
"PQRSDS 2021274","servicios publicitarios","Otros","2021-11-20T00:00:00.000","2021-11-30T00:00:00.000","2021-11-22T00:00:00.000"
"PQRSDS 2021275","parqueadero del aeropuerto","Parking","2021-11-22T00:00:00.000","2021-12-02T00:00:00.000","2021-11-23T00:00:00.000"
"PQRSDS 2021276","objetos perdidos","Objetos Perdidos","2021-11-23T00:00:00.000","2021-12-03T00:00:00.000","2021-11-23T00:00:00.000"
"PQRSDS 2021277","parqueadero del aeropuerto","Parking","2021-11-24T00:00:00.000","2021-12-04T00:00:00.000","2021-11-24T00:00:00.000"
"PQRSDS 2021278","laboratorio Aeropuerto","Laboratorio","2021-11-24T00:00:00.000","2021-12-04T00:00:00.000","2021-11-24T00:00:00.000"
"PQRSDS 2021279","parqueadero del aeropuerto","Parking","2021-11-25T00:00:00.000","2021-12-05T00:00:00.000","2021-11-25T00:00:00.000"
"PQRSDS 2021280","servicio de correspondencia","Otros","2021-11-26T00:00:00.000","2021-12-06T00:00:00.000","2021-11-26T00:00:00.000"
"PQRSDS 2021281","locales comerciales","Otros","2021-11-26T00:00:00.000","2021-12-06T00:00:00.000","2021-11-26T00:00:00.000"
"PQRSDS 2021282","parqueadero del aeropuerto","Parking","2021-11-26T00:00:00.000","2021-12-06T00:00:00.000","2021-11-26T00:00:00.000"
"PQRSDS 2021283","laboratorio Aeropuerto","Laboratorio","2021-12-01T00:00:00.000","2021-12-11T00:00:00.000","2021-12-01T00:00:00.000"
"PQRSDS 2021284","laboratorio Aeropuerto","Laboratorio","2021-12-01T00:00:00.000","2021-12-11T00:00:00.000","2021-12-02T00:00:00.000"
"PQRSDS 2021285","queja reclamo","Queja Aerolinea","2021-12-02T00:00:00.000","2021-12-12T00:00:00.000","2021-12-03T00:00:00.000"
"PQRSDS 2021286","prueba pcr viajes nacionales","Prueba Covid Nacionales","2021-12-02T00:00:00.000","2021-12-12T00:00:00.000","2021-12-03T00:00:00.000"
"PQRSDS 2021287","prueba pcr viajes nacionales","Prueba Covid Nacionales","2021-12-03T00:00:00.000","2021-12-13T00:00:00.000","2021-12-04T00:00:00.000"
"PQRSDS 2021288","parqueadero del aeropuerto","Parking","2021-12-02T00:00:00.000","2021-12-12T00:00:00.000","2021-12-03T00:00:00.000"
"PQRSDS 2021289","prueba pcr viajes nacionales","Prueba Covid Nacionales","2021-12-06T00:00:00.000","2021-12-16T00:00:00.000","2021-12-06T00:00:00.000"
"PQRSDS 2021290","informacion migracion","Migracion","2021-12-06T00:00:00.000","2021-12-16T00:00:00.000","2021-12-06T00:00:00.000"
"PQRSDS 2021291","parqueadero del aeropuerto","Parking","2021-12-06T00:00:00.000","2021-12-16T00:00:00.000","2021-12-06T00:00:00.000"
"PQRSDS 2021292","prueba pcr viajes nacionales","Prueba Covid Nacionales","2021-12-07T00:00:00.000","2021-12-17T00:00:00.000","2021-12-07T00:00:00.000"
"PQRSDS 2021293","confirmacion informacion prueba para vuelos nacionales","Otros","2021-12-10T00:00:00.000","2021-12-20T00:00:00.000","2021-12-10T00:00:00.000"
"PQRSDS 2021294","laboratorio Aeropuerto","Laboratorio","2021-12-07T00:00:00.000","2021-12-17T00:00:00.000","2021-12-09T00:00:00.000"
"PQRSDS 2021295","parqueadero del aeropuerto","Parking","2021-12-07T00:00:00.000","2021-12-17T00:00:00.000","2021-12-09T00:00:00.000"
"PQRSDS 2021296","parqueadero del aeropuerto","Parking","2021-12-07T00:00:00.000","2021-12-17T00:00:00.000","2021-12-09T00:00:00.000"
"PQRSDS 2021297","queja aerolinea","Queja Aerolinea","2021-12-12T00:00:00.000","2021-12-22T00:00:00.000","2021-12-13T00:00:00.000"
"PQRSDS 2021298","confirmacion informacion prueba para vuelos nacionales","Otros","2021-12-12T00:00:00.000","2021-12-22T00:00:00.000","2021-12-13T00:00:00.000"
"PQRSDS 2021299","objetos perdidos","Objetos Perdidos","2021-12-12T00:00:00.000","2021-12-22T00:00:00.000","2021-12-13T00:00:00.000"
"PQRSDS 2021300","Informacion gerente aim","Otros","2021-12-12T00:00:00.000","2021-12-22T00:00:00.000","2021-12-13T00:00:00.000"
"PQRSDS 2021301","informacion ingreso a colombia","Ingreso a Colombia","2021-12-12T00:00:00.000","2021-12-22T00:00:00.000","2021-12-13T00:00:00.000"
"PQRSDS 2021302","queja aerolinea","Queja Aerolinea","2021-12-12T00:00:00.000","2021-12-22T00:00:00.000","2021-12-17T00:00:00.000"
"PQRSDS 2021303","tiquetes aeros informacion","Tiquetes","2021-12-15T00:00:00.000","2021-12-25T00:00:00.000","2021-12-16T00:00:00.000"
"PQRSDS 2021304","parqueadero del aeropuerto","Parking","2021-12-20T00:00:00.000","2021-12-30T00:00:00.000","2021-12-20T00:00:00.000"
"PQRSDS 2021305","objetos perdidos","Objetos Perdidos","2021-12-20T00:00:00.000","2021-12-30T00:00:00.000","2021-12-20T00:00:00.000"
"PQRSDS 2021306","objetos perdidos","Objetos Perdidos","2021-12-20T00:00:00.000","2021-12-30T00:00:00.000","2021-12-20T00:00:00.000"
"PQRSDS 2021307","sugerencia pagina en ingles","Otros","2021-12-20T00:00:00.000","2021-12-30T00:00:00.000","2021-12-20T00:00:00.000"
"PQRSDS 2021308","parqueadero del aeropuerto","Parking","2021-12-21T00:00:00.000","2021-12-31T00:00:00.000","2021-12-22T00:00:00.000"
"PQRSDS 2021309","objetos perdidos","Objetos Perdidos","2021-12-22T00:00:00.000","2021-12-31T00:00:00.000","2021-12-22T00:00:00.000"
"PQRSDS 2021310","queja taxistas","Otros","2021-12-22T00:00:00.000","2021-12-31T00:00:00.000","2021-12-27T00:00:00.000"
"PQRSDS 2021311","queja aerolinea GSA","Queja Aerolinea","2021-12-28T00:00:00.000","2021-12-31T00:00:00.000","2021-12-28T00:00:00.000"
"PQRSDS 20220001","Queja instalaciones aeroportuarias","Otros","2022-01-02T00:00:00.000","2022-01-12T00:00:00.000","2022-01-02T00:00:00.000"
"PQRSDS 20220002","Informacion parqueaderos","Parking","2021-12-30T00:00:00.000","2022-01-10T00:00:00.000","2022-01-20T00:00:00.000"
"PQRSDS 20220003","Informacion objetos perdidos","Objetos Perdidos","2021-12-30T00:00:00.000","2022-01-10T00:00:00.000","2022-01-20T00:00:00.000"
"PQRSDS 20220004","Informacion objetos perdidos","Objetos Perdidos","2021-12-30T00:00:00.000","2022-01-10T00:00:00.000","2022-01-20T00:00:00.000"
"PQRSDS 20220005","Informacion locales comerciales","Objetos Perdidos","2021-12-30T00:00:00.000","2022-01-10T00:00:00.000","2022-01-20T00:00:00.000"
"PQRSDS 20220006","Informacion objetos perdidos","Objetos Perdidos","2022-01-11T00:00:00.000","2022-01-21T00:00:00.000","2022-01-20T00:00:00.000"
"PQRSDS 20220007","Informacion objetos perdidos","Objetos Perdidos","2022-01-11T00:00:00.000","2022-01-21T00:00:00.000","2022-01-20T00:00:00.000"
"PQRSDS 20220008","Informacion objetos perdidos","Objetos Perdidos","2022-01-11T00:00:00.000","2022-01-21T00:00:00.000","2022-01-20T00:00:00.000"
"PQRSDS 20220009","Queja reclamo","Otros","2022-01-11T00:00:00.000","2022-01-21T00:00:00.000","2022-01-20T00:00:00.000"
"PQRSDS 20220010","Informacion parqueaderos","Parking","2022-01-20T00:00:00.000","2022-01-30T00:00:00.000","2022-01-20T00:00:00.000"
"PQRSDS 20220011","Informacion parqueaderos","Parking","2022-01-20T00:00:00.000","2022-01-30T00:00:00.000","2022-01-20T00:00:00.000"
"PQRSDS 20220012","Queja aerolinea","Queja Aerolinea","2022-01-20T00:00:00.000","2022-01-30T00:00:00.000","2022-01-20T00:00:00.000"
"PQRSDS 20220013","Informacion prueba covid","Laboratorio","2022-01-19T00:00:00.000","2022-01-29T00:00:00.000","2022-01-20T00:00:00.000"
"PQRSDS 20220014","Informacion prueba covid","Laboratorio","2022-01-26T00:00:00.000","2022-02-06T00:00:00.000","2022-01-26T00:00:00.000"
"PQRSDS 20220015","Informacion prueba covid","Laboratorio","2022-01-24T00:00:00.000","2022-02-04T00:00:00.000","2022-01-26T00:00:00.000"
"PQRSDS 20220016","Informacion prueba covid","Laboratorio","2022-01-24T00:00:00.000","2022-02-04T00:00:00.000","2022-01-26T00:00:00.000"
"PQRSDS 20220017","Informacion prueba covid  para ingresar a colombia","Laboratorio","2022-01-21T00:00:00.000","2022-02-01T00:00:00.000","2022-01-26T00:00:00.000"
"PQRSDS 20220018","Informacion parqueaderos","Parking","2022-01-21T00:00:00.000","2022-02-01T00:00:00.000","2022-01-26T00:00:00.000"
"PQRSDS 20220019","Informacion objetos perdidos","Objetos Perdidos","2022-01-21T00:00:00.000","2022-02-01T00:00:00.000","2022-01-26T00:00:00.000"
"PQRSDS 20220020","Informacion embalaje de maletas","Otros","2022-01-25T00:00:00.000","2022-02-05T00:00:00.000","2022-01-27T00:00:00.000"
"PQRSDS 20220021","Informacion guarda equipaje","Otros","2022-01-25T00:00:00.000","2022-02-05T00:00:00.000","2022-01-27T00:00:00.000"
"PQRSDS 20220022","Informacion tiquetes aereos","Tiquetes","2022-01-25T00:00:00.000","2022-02-05T00:00:00.000","2022-01-27T00:00:00.000"
"PQRSDS 20220023","Hoja de vida","Hoja de Vida","2022-01-28T00:00:00.000","2022-02-08T00:00:00.000","2022-01-28T00:00:00.000"
"PQRSDS 20220024","Informacion parqueaderos","Parking","2022-01-28T00:00:00.000","2022-02-08T00:00:00.000","2022-01-28T00:00:00.000"
"PQRSDS 20220025","Informacion objetos perdidos","Objetos Perdidos","2022-01-28T00:00:00.000","2022-02-08T00:00:00.000","2022-01-28T00:00:00.000"
"PQRSDS 20220026","Informacion parqueaderos","Parking","2022-01-31T00:00:00.000","2022-02-11T00:00:00.000","2022-01-31T00:00:00.000"
"PQRSDS 20220027","Informacion objetos perdidos","Objetos Perdidos","2022-02-01T00:00:00.000","2022-02-11T00:00:00.000","2022-02-01T00:00:00.000"
"PQRSDS 20220028","Informacion parqueaderos","Parking","2022-02-02T00:00:00.000","2022-02-12T00:00:00.000","2022-02-03T00:00:00.000"
"PQRSDS 20220029","Informacion parqueaderos","Parking","2022-02-03T00:00:00.000","2022-02-13T00:00:00.000","2022-02-03T00:00:00.000"
"PQRSDS 20220030","Queja aerolinea","Queja Aerolinea","2022-02-04T00:00:00.000","2022-02-14T00:00:00.000","2022-02-04T00:00:00.000"
"PQRSDS 20220031","Informacion parqueaderos","Parking","2022-02-03T00:00:00.000","2022-02-14T00:00:00.000","2022-02-04T00:00:00.000"
"PQRSDS 20220032","Objetos perdidos","Objetos Perdidos","2022-02-04T00:00:00.000","2022-02-14T00:00:00.000","2022-02-07T00:00:00.000"
"PQRSDS 20220033","Objetos perdidos","Objetos Perdidos","2022-02-05T00:00:00.000","2022-02-15T00:00:00.000","2022-02-07T00:00:00.000"
"PQRSDS 20220034","Informacion laboratorio","Laboratorio","2022-02-05T00:00:00.000","2022-02-15T00:00:00.000","2022-02-07T00:00:00.000"
"PQRSDS 20220035","Informacion Migracion","Migracion","2022-02-07T00:00:00.000","2022-02-17T00:00:00.000","2022-02-07T00:00:00.000"
"PQRSDS 20220036","Informacion parqueaderos","Parking","2022-02-07T00:00:00.000","2022-02-17T00:00:00.000","2022-02-07T00:00:00.000"
"PQRSDS 20220037","Informacion laboratorio","Laboratorio","2022-02-07T00:00:00.000","2022-02-17T00:00:00.000","2022-02-07T00:00:00.000"
"PQRSDS 20220038","Informacion parqueaderos","Parking","2022-02-10T00:00:00.000","2022-02-20T00:00:00.000","2022-02-11T00:00:00.000"
"PQRSDS 20220039","Informacion tiquetes aereos","Tiquetes","2022-02-11T00:00:00.000","2022-02-21T00:00:00.000","2022-02-11T00:00:00.000"
"PQRSDS 20220040","Informacion parqueaderos","Parking","2022-02-13T00:00:00.000","2022-02-23T00:00:00.000","2022-02-14T00:00:00.000"
"PQRSDS 20220041","Objetos perdidos","Objetos Perdidos","2022-02-14T00:00:00.000","2022-02-24T00:00:00.000","2022-02-15T00:00:00.000"
"PQRSDS 20220042","Laboratorio Aeropuerto","Laboratorio","2022-02-14T00:00:00.000","2022-02-24T00:00:00.000","2022-02-15T00:00:00.000"
"PQRSDS 20220043","Informacion parqueaderos","Parking","2022-02-15T00:00:00.000","2022-02-25T00:00:00.000","2022-02-16T00:00:00.000"
"PQRSDS 20220044","Informacion parqueaderos","Parking","2022-02-15T00:00:00.000","2022-02-25T00:00:00.000","2022-02-16T00:00:00.000"
"PQRSDS 20220045","Informacion Carga Aeropuerto","Otros","2022-02-16T00:00:00.000","2022-02-26T00:00:00.000","2022-02-17T00:00:00.000"
"PQRSDS 20220046","Objetos perdidos","Objetos Perdidos","2022-02-21T00:00:00.000","2022-03-01T00:00:00.000","2022-02-21T00:00:00.000"
"PQRSDS 20220047","Laboratorio Aeropuerto","Laboratorio","2022-02-21T00:00:00.000","2022-03-01T00:00:00.000","2022-02-21T00:00:00.000"
"PQRSDS 20220048","Queja Aerolinea","Queja Aerolinea","2022-02-21T00:00:00.000","2022-03-01T00:00:00.000","2022-02-21T00:00:00.000"
"PQRSDS 20220049","Informacion parqueaderos","Parking","2022-02-22T00:00:00.000","2022-03-02T00:00:00.000","2022-02-22T00:00:00.000"
"PQRSDS 20220050","Queja Aseo Baños terminal","Quejas instalaciones","2022-02-22T00:00:00.000","2022-03-02T00:00:00.000","2022-02-22T00:00:00.000"
"PQRSDS 20220051","Informacion parqueaderos","Parking","2022-02-22T00:00:00.000","2022-03-02T00:00:00.000","2022-02-22T00:00:00.000"
"PQRSDS 20220052","Informacion parqueaderos","Parking","2022-02-24T00:00:00.000","2022-03-04T00:00:00.000","2022-02-25T00:00:00.000"
"PQRSDS 20220053","Queja Aerolinea","Queja Aerolinea","2022-02-28T00:00:00.000","2022-03-08T00:00:00.000","2022-02-28T00:00:00.000"
"PQRSDS 20220054","Informacion parqueaderos","Parking","2022-02-28T00:00:00.000","2022-03-08T00:00:00.000","2022-02-28T00:00:00.000"
"PQRSDS 20220055","Servicio de Taxis","Otros","2022-02-28T00:00:00.000","2022-03-08T00:00:00.000","2022-02-28T00:00:00.000"
"PQRSDS 20220056","Queja aerolinea","Otros","2022-03-02T00:00:00.000","2022-03-12T00:00:00.000","2022-03-02T00:00:00.000"
"PQRSDS 20220057","Informacion parqueaderos","Parking","2022-03-02T00:00:00.000","2022-03-12T00:00:00.000","2022-03-02T00:00:00.000"
"PQRSDS 20220058","Informacion Aerolineas","Otros","2022-03-02T00:00:00.000","2022-03-12T00:00:00.000","2022-03-02T00:00:00.000"
"PQRSDS 20220059","Informacion mascotas","Mascotas","2022-03-03T00:00:00.000","2022-03-13T00:00:00.000","2022-03-03T00:00:00.000"
"PQRSDS 20220060","Informacion objetos perdidos","Objetos Perdidos","2022-03-03T00:00:00.000","2022-03-13T00:00:00.000","2022-03-03T00:00:00.000"
"PQRSDS 20220061","Informacion Parqueaderos","Parking","2022-03-03T00:00:00.000","2022-03-13T00:00:00.000","2022-03-03T00:00:00.000"
"PQRSDS 20220062","Informacion plazo obras AIM","Otros","2022-03-03T00:00:00.000","2022-03-13T00:00:00.000","2022-03-04T00:00:00.000"
"PQRSDS 20220063","Informacion Parqueaderos","Parking","2022-03-07T00:00:00.000","2022-03-17T00:00:00.000","2022-03-07T00:00:00.000"
"PQRSDS 20220064","Informacion objetos perdidos","Objetos Perdidos","2022-03-07T00:00:00.000","2022-03-17T00:00:00.000","2022-03-08T00:00:00.000"
"PQRSDS 20220065","Informacion objetos perdidos","Objetos Perdidos","2022-03-07T00:00:00.000","2022-03-17T00:00:00.000","2022-03-08T00:00:00.000"
"PQRSDS 20220066","Informacion para entrar a Colombia","Ingreso a Colombia","2022-03-10T00:00:00.000","2022-03-20T00:00:00.000","2022-03-11T00:00:00.000"
"PQRSDS 20220067","Informacion objetos perdidos","Objetos Perdidos","2022-03-12T00:00:00.000","2022-03-22T00:00:00.000","2022-03-14T00:00:00.000"
"PQRSDS 20220068","Informacion Parqueaderos","Parking","2022-03-15T00:00:00.000","2022-03-25T00:00:00.000","2022-03-15T00:00:00.000"
"PQRSDS 20220069","Laboratorio Aeropuerto","Laboratorio","2022-03-15T00:00:00.000","2022-03-25T00:00:00.000","2022-03-15T00:00:00.000"
"PQRSDS 20220070","Prueba covid vuelos nacionales","Prueba Covid Nacionales","2022-03-14T00:00:00.000","2022-03-24T00:00:00.000","2022-03-15T00:00:00.000"
"PQRSDS 20220071","Informacion Parqueaderos","Parking","2022-03-14T00:00:00.000","2022-03-24T00:00:00.000","2022-03-15T00:00:00.000"
"PQRSDS 20220072","Informacion guarda equipaje","Otros","2022-03-14T00:00:00.000","2022-03-24T00:00:00.000","2022-03-15T00:00:00.000"
"PQRSDS 20220073","Informacion objetos perdidos","Objetos Perdidos","2022-03-14T00:00:00.000","2022-03-24T00:00:00.000","2022-03-15T00:00:00.000"
"PQRSDS 20220074","Informacion objetos perdidos","Objetos Perdidos","2022-03-15T00:00:00.000","2022-03-25T00:00:00.000","2022-03-15T00:00:00.000"
"PQRSDS 20220075","Servicio de traduccion","Otros","2022-03-16T00:00:00.000","2022-03-26T00:00:00.000","2022-03-16T00:00:00.000"
"PQRSDS 20220076","Informacion de menores","Otros","2022-03-15T00:00:00.000","2022-03-25T00:00:00.000","2022-03-16T00:00:00.000"
"PQRSDS 20220077","Informacion objetos perdidos","Objetos Perdidos","2022-03-16T00:00:00.000","2022-03-26T00:00:00.000","2022-03-16T00:00:00.000"
"PQRSDS 20220078","Informacion objetos perdidos","Objetos Perdidos","2022-03-17T00:00:00.000","2022-03-27T00:00:00.000","2022-03-18T00:00:00.000"
"PQRSDS 20220079","Queja reclamo","Otros","2022-03-17T00:00:00.000","2022-03-27T00:00:00.000","2022-03-18T00:00:00.000"
"PQRSDS 20220080","Informacion tiquetes aereos","Tiquetes","2022-03-18T00:00:00.000","2022-03-28T00:00:00.000","2022-03-22T00:00:00.000"
"PQRSDS 20220081","Informacion Parqueaderos","Parking","2022-03-18T00:00:00.000","2022-03-28T00:00:00.000","2022-03-22T00:00:00.000"
"PQRSDS 20220082","Informacion Parqueaderos","Parking","2022-03-21T00:00:00.000","2022-03-21T00:00:00.000","2022-03-22T00:00:00.000"
"PQRSDS 20220083","Informacion viaje internacional","Migracion","2022-03-22T00:00:00.000","2022-03-22T00:00:00.000","2022-03-23T00:00:00.000"
"PQRSDS 20220084","Informacion objetos perdidos","Objetos Perdidos","2022-03-22T00:00:00.000","2022-03-22T00:00:00.000","2022-03-23T00:00:00.000"
"PQRSDS 20220085","Informacion viaje con menores de edad","Otros","2022-03-22T00:00:00.000","2022-03-22T00:00:00.000","2022-03-23T00:00:00.000"
"PQRSDS 20220086","Informacion ingreso a colombia","Ingreso a Colombia","2022-03-25T00:00:00.000","2022-04-05T00:00:00.000","2022-03-28T00:00:00.000"
"PQRSDS 20220087","Informacion equipaje","Otros","2022-03-25T00:00:00.000","2022-04-05T00:00:00.000","2022-03-28T00:00:00.000"
"PQRSDS 20220088","Informacion Parqueaderos","Parking","2022-03-28T00:00:00.000","2022-04-08T00:00:00.000","2022-03-28T00:00:00.000"
"PQRSDS 20220089","Informacion vuelo internacional","Prueba Covid Internacionales","2022-03-23T00:00:00.000","2022-04-03T00:00:00.000","2022-03-24T00:00:00.000"
"PQRSDS 20220090","Informacion acompañantes en la terminal","Otros","2022-03-30T00:00:00.000","2022-04-10T00:00:00.000","2022-03-30T00:00:00.000"
"PQRSDS 20220091","Informacion objetos perdidos","Objetos Perdidos","2022-03-31T00:00:00.000","2022-04-11T00:00:00.000","2022-03-31T00:00:00.000"
"PQRSDS 20220092","Queja aerolinea","Queja Aerolinea","2022-03-18T00:00:00.000","2022-03-28T00:00:00.000","2022-03-31T00:00:00.000"
"PQRSDS 20220093","Informacion tiquetes aereos","Tiquetes","2022-04-04T00:00:00.000","2022-04-14T00:00:00.000","2022-04-04T00:00:00.000"
"PQRSDS 20220094","Informacion horario Aeropuerto","Horario Aeropuerto","2022-04-05T00:00:00.000","2022-04-15T00:00:00.000","2022-04-05T00:00:00.000"
"PQRSDS 20220095","Informacion objetos perdidos","Objetos Perdidos","2022-04-06T00:00:00.000","2022-04-16T00:00:00.000","2022-04-06T00:00:00.000"
"PQRSDS 20220096","Queja Seguridad Aeropuerto","Quejas instalaciones","2022-04-07T00:00:00.000","2022-04-17T00:00:00.000","2022-04-08T00:00:00.000"
"PQRSDS 20220097","Informacion Parqueaderos","Parking","2022-04-07T00:00:00.000","2022-04-17T00:00:00.000","2022-04-07T00:00:00.000"
"PQRSDS 20220098","Informaicon mascotas","Mascotas","2022-04-11T00:00:00.000","2022-04-21T00:00:00.000","2022-04-18T00:00:00.000"
"PQRSDS 20220099","Informaicon mascotas","Mascotas","2022-04-12T00:00:00.000","2022-04-21T00:00:00.000","2022-04-18T00:00:00.000"
"PQRSDS 20220100","Informacion tiquetes aereos","Tiquetes","2022-04-13T00:00:00.000","2022-04-21T00:00:00.000","2022-04-18T00:00:00.000"
"PQRSDS 20220101","Informacion para salir de colombia","Laboratorio","2022-04-13T00:00:00.000","2022-04-21T00:00:00.000","2022-04-18T00:00:00.000"
"PQRSDS 20220102","Informacion laboratorio","Laboratorio","2022-04-14T00:00:00.000","2022-04-22T00:00:00.000","2022-04-18T00:00:00.000"
"PQRSDS 20220103","Informacion tiquetes aereos","Tiquetes","2022-04-18T00:00:00.000","2022-04-28T00:00:00.000","2022-04-18T00:00:00.000"
"PQRSDS 20220104","Informacion objetos perdidos","Objetos Perdidos","2022-04-18T00:00:00.000","2022-04-28T00:00:00.000","2022-04-18T00:00:00.000"
"PQRSDS 20220105","Hoja de vida","Hoja de Vida","2022-04-18T00:00:00.000","2022-04-28T00:00:00.000","2022-04-18T00:00:00.000"
"PQRSDS 20220106","Solicitud de informacion vuelos","Estados Vuelos","2022-04-18T00:00:00.000","2022-04-28T00:00:00.000","2022-04-18T00:00:00.000"
"PQRSDS 20220107","Queja reclamo instalaciones","Quejas instalaciones","2022-04-20T00:00:00.000","2022-04-30T00:00:00.000","2022-04-22T00:00:00.000"
"PQRSDS 20220108","Queja reclamo instalaciones","Quejas instalaciones","2022-04-27T00:00:00.000","2022-05-07T00:00:00.000","2022-04-27T00:00:00.000"
"PQRSDS 20220109","Informacion Parqueaderos","Parking","2022-05-02T00:00:00.000","2022-05-12T00:00:00.000","2022-05-03T00:00:00.000"
"PQRSDS 20220110","informacion aerolineas","Tiquetes","2022-05-03T00:00:00.000","2022-05-13T00:00:00.000","2022-05-03T00:00:00.000"
"PQRSDS 20220111","Informacion personal de vuelo","Otros","2022-05-03T00:00:00.000","2022-05-13T00:00:00.000","2022-05-03T00:00:00.000"
"PQRSDS 20220112","Solicitud de ingreso a terminal","Otros","2022-05-05T00:00:00.000","2022-05-15T00:00:00.000","2022-05-06T00:00:00.000"
"PQRSDS 20220113","Informacion equipaje","Otros","2022-05-06T00:00:00.000","2022-05-16T00:00:00.000","2022-05-09T00:00:00.000"
"PQRSDS 20220114","estado de los vuelos","Estados Vuelos","2022-05-10T00:00:00.000","2022-05-20T00:00:00.000","2022-05-10T00:00:00.000"
"PQRSDS 20220115","Objetos perdidos","Objetos Perdidos","2022-05-09T00:00:00.000","2022-05-19T00:00:00.000","2022-05-10T00:00:00.000"
"PQRSDS 20220116","Informacion tiquetes aereos","Tiquetes","2022-05-09T00:00:00.000","2022-05-19T00:00:00.000","2022-05-10T00:00:00.000"
"PQRSDS 20220117","Informacion tiquetes aereos","Tiquetes","2022-05-10T00:00:00.000","2022-05-20T00:00:00.000","2022-05-10T00:00:00.000"
"PQRSDS 20220118","Hoja de vida","Hoja de Vida","2022-05-11T00:00:00.000","2022-05-21T00:00:00.000","2022-05-11T00:00:00.000"
"PQRSDS 20220119","Laboratorio Aeropuerto","Laboratorio","2022-05-11T00:00:00.000","2022-05-21T00:00:00.000","2022-05-11T00:00:00.000"
"PQRSDS 20220120","Hoja de vida","Hoja de Vida","2022-05-13T00:00:00.000","2022-05-23T00:00:00.000","2022-05-13T00:00:00.000"
"PQRSDS 20220121","Hoja de vida","Hoja de Vida","2022-05-13T00:00:00.000","2022-05-23T00:00:00.000","2022-05-13T00:00:00.000"
"PQRSDS 20220122","Objetos perdidos","Objetos Perdidos","2022-05-17T00:00:00.000","2022-05-27T00:00:00.000","2022-05-17T00:00:00.000"
"PQRSDS 20220123","Informacion tiquetes aereos","Tiquetes","2022-05-18T00:00:00.000","2022-05-28T00:00:00.000","2022-05-18T00:00:00.000"
"PQRSDS 20220124","Informacion documentacion","Otros","2022-05-14T00:00:00.000","2022-05-24T00:00:00.000","2022-05-18T00:00:00.000"
"PQRSDS 20220125","Informacion prueba Covid internacional","Prueba Covid Internacionales","2022-05-18T00:00:00.000","2022-05-28T00:00:00.000","2022-05-18T00:00:00.000"
"PQRSDS 20220126","Queja aerolinea","Queja Aerolinea","2022-05-16T00:00:00.000","2022-05-26T00:00:00.000","2022-05-20T00:00:00.000"
"PQRSDS 20220127","Informacion tiquetes aereos","Tiquetes","2022-05-22T00:00:00.000","2022-06-02T00:00:00.000","2022-05-24T00:00:00.000"
"PQRSDS 20220128","Informacion ingreso a colombia","Ingreso a Colombia","2022-05-23T00:00:00.000","2022-06-03T00:00:00.000","2022-05-24T00:00:00.000"
"PQRSDS 20220129","Objetos perdidos","Objetos Perdidos","2022-05-23T00:00:00.000","2022-06-03T00:00:00.000","2022-05-24T00:00:00.000"
"PQRSDS 20220130","Informacion tiquetes aereos","Tiquetes","2022-05-23T00:00:00.000","2022-06-03T00:00:00.000","2022-05-24T00:00:00.000"
"PQRSDS 20220131","Objetos perdidos","Objetos Perdidos","2022-05-23T00:00:00.000","2022-06-03T00:00:00.000","2022-05-24T00:00:00.000"
"PQRSDS 20220132","Queja Personal (aerolinea)","Queja Aerolinea","2022-05-22T00:00:00.000","2022-06-02T00:00:00.000","2022-05-24T00:00:00.000"
"PQRSDS 20220133","Informacion tiquetes aereos","Tiquetes","2022-05-23T00:00:00.000","2022-06-03T00:00:00.000","2022-05-24T00:00:00.000"
"PQRSDS 20220134","Informacion documentacion ciudadando extranjero","Migracion","2022-05-24T00:00:00.000","2022-06-04T00:00:00.000","2022-05-24T00:00:00.000"
"PQRSDS 20220135","Informacion tiquetes aereos","Tiquetes","2022-05-26T00:00:00.000","2022-06-06T00:00:00.000","2022-05-31T00:00:00.000"
"PQRSDS 20220136","Informacion Parqueaderos","Parking","2022-05-27T00:00:00.000","2022-06-07T00:00:00.000","2022-05-31T00:00:00.000"
"PQRSDS 20220137","Objetos perdidos","Objetos Perdidos","2022-05-26T00:00:00.000","2022-06-06T00:00:00.000","2022-05-31T00:00:00.000"
"PQRSDS 20220138","Objetos perdidos","Objetos Perdidos","2022-05-26T00:00:00.000","2022-06-06T00:00:00.000","2022-05-31T00:00:00.000"
"PQRSDS 20220139","Informacion Migracion","Migracion","2022-05-27T00:00:00.000","2022-06-07T00:00:00.000","2022-05-31T00:00:00.000"
"PQRSDS 20220140","Perdida de documento de identidad","Otros","2022-05-31T00:00:00.000","2022-06-11T00:00:00.000","2022-05-31T00:00:00.000"
"PQRSDS 20220141","Guardaequipaje","Otros","2022-05-31T00:00:00.000","2022-06-11T00:00:00.000","2022-05-31T00:00:00.000"
"PQRSDS 20220142","Informacion Parqueaderos","Parking","2022-05-31T00:00:00.000","2022-06-11T00:00:00.000","2022-05-31T00:00:00.000"
"PQRSDS 20220143","Informacion tiquetes aereos","Tiquetes","2022-06-02T00:00:00.000","2022-06-12T00:00:00.000","2022-06-06T00:00:00.000"
"PQRSDS 20220144","Hoja de vida","Hoja de Vida","2022-06-02T00:00:00.000","2022-06-12T00:00:00.000","2022-06-06T00:00:00.000"
"PQRSDS 20220145","Informacion tiquetes aereos","Tiquetes","2022-06-07T00:00:00.000","2022-06-17T00:00:00.000","2022-06-08T00:00:00.000"
"PQRSDS 20220146","Viaje con menores","Otros","2022-06-07T00:00:00.000","2022-06-17T00:00:00.000","2022-06-08T00:00:00.000"
"PQRSDS 20220147","Migracion","Migracion","2022-06-07T00:00:00.000","2022-06-17T00:00:00.000","2022-06-08T00:00:00.000"
"PQRSDS 20220148","Objetos perdidos","Objetos Perdidos","2022-06-07T00:00:00.000","2022-06-17T00:00:00.000","2022-06-08T00:00:00.000"
"PQRSDS 20220149","Informacion Comunicaciones AIM","Otros","2022-06-09T00:00:00.000","2022-06-19T00:00:00.000","2022-06-09T00:00:00.000"
"PQRSDS 20220150","Informacion Avianca","Tiquetes","2022-06-09T00:00:00.000","2022-06-19T00:00:00.000","2022-06-09T00:00:00.000"
"PQRSDS 20220151","Hoja de vida","Hoja de Vida","2022-06-10T00:00:00.000","2022-06-20T00:00:00.000","2022-06-10T00:00:00.000"
"PQRSDS 20220152","Hoja de vida","Hoja de Vida","2022-06-16T00:00:00.000","2022-06-26T00:00:00.000","2022-06-21T00:00:00.000"
"PQRSDS 20220153","Perdida de documento de identidad","Otros","2022-06-21T00:00:00.000","2022-07-01T00:00:00.000","2022-06-21T00:00:00.000"
